title,date,link,content
《关于公示通过2026年国家基本医疗保险、生育保险和工伤保险药品目录及商保创新药目录调整初步形式审查的药品及相关信息》解读,2026-06-29,https://www.nhsa.gov.cn/art/2026/6/29/art_105_21130.html,"根据2026年国家基本医疗保险、生育保险和工伤保险药品目录和商业健康保险创新药品目录（以下分别简称基本医保目录和商保创新药目录）调整有关工作安排，国家医保局近期对申报药品进行了初步形式审查，并对通过初审的药品名单和主要信息进行公示。现就有关工作情况解读如下：
一、形式审查的作用
形式审查是对申报药品是否符合当年基本医保目录和商保创新药目录调整申报条件以及药品申报信息完整性进行的审核。根据《2026年国家基本医疗保险、生育保险和工伤保险药品目录及商业健康保险创新药品目录调整工作方案》，形式审查分为初审、初审结果公示、复核、最终结果公告四个步骤。本次公示的内容即为今年的初审结果。
通过对药品申报资料进行形式审查，一方面可以确保申报的药品符合申报条件，另一方面对申报资料的完整性、规范性进行审核，有利于后续评审、测算阶段信息的全面、真实、准确。同时，为确保目录调整公开透明，国家医保局对通过初审的药品名单和主要信息进行公示，本身也是主动接受监督的一种方式，我们欢迎社会各界帮助我们发现问题，提出宝贵意见和建议。
二、通过初步形式审查是否意味着这些药品被纳入基本医保目录或商保创新药目录？
按照《基本医疗保险用药管理暂行办法》和《2026年国家基本医疗保险、生育保险和工伤保险药品目录及商业健康保险创新药品目录调整工作方案》，目录调整分为企业申报、形式审查、专家评审、谈判竞价/价格协商等环节，形式审查只是企业申报后目录调整所有程序中的第一步。一个药品通过初步形式审查，只代表初审符合相应申报条件，还需要通过公示接受社会监督，即使药品最终确定通过形式审查，也仅代表该药品具备了参与目录调整后续工作流程的资格，不代表其已经纳入了基本医保目录或商保创新药目录。
三、2026年企业申报和初步形式审查结果总体情况如何？
2026年6月1日至6月10日，国家医保局共收到医保药品目录调整申报信息818份，涉及药品通用名674个。经初步审核，6月10日前已获得注册批件的申报药品中，通过基本目录初审的557个：其中目录外申报信息503份，涉及药品通用名375个，通过初审334个；目录内申报信息236份，涉及药品通用名229个，通过初审223个。通过商保创新药目录初审的54个：其中目录外申报信息57份，涉及通用名57个，通过初审53个；目录内通用名1个，通过初审1个。有些药品同时申报了基本医保目录和商保创新药目录，但因两者申报条件不完全一致，会出现基本医保目录和商保创新药目录形式审查结果不一致的情况。
另外还有49个通用名（含2个同时申报新增适应症）预申报基本目录外，其中1个明显不符合申报条件，11个基本目录内通用名预申报了新适应症；4个通用名预申报了商保创新药目录外。预申报的企业基本按要求提交了审评进度网页截图或相关证明材料。本次预申报的品种一并公示。
四、6月10日前完成技术审评预申报的品种，下一步会如何处理？
为给目录发布后落地执行、商保衔接等留有必要的准备时间，今年目录启动申报较往年提前1个月。考虑尽可能减少对创新药行业的影响，允许申报阶段还未正式获批、但已经完成技术评审的药品进行预申报。对于预申报的品种和适应症，我们已经协请相关部门进行核实，并根据反馈信息审核确定最终结果。在此也提醒预申报的药品企业，初步形式审查公示后，我们将通过系统反馈提示信息，如已获得正式批准，务必于7月3日17时前根据提示信息提交批件信息，逾期未提交或提交错误的将视为不通过，请及时关注。需要说明的是，如果不符合6月10日前完成技术审评，但7月3日前获得批准且补充提交批件的，仍视作不符合申报条件，形式审查不予通过。
目前公示是独家的品种，在正式公布时可能会因为预申报品种正式获批而更正为非独家。请企业关注。
五、2026年企业申报和初步形式审查结果与去年相比有什么变化？
总体上看，今年申报品种呈现几个特点：一是申报品种数量进一步提高。今年共收到申报材料818份，涉及674个通用名，比2025年增加100份申报材料、41个通用名。二是形式审查通过率大幅提升。除预申报品种外，初步形式审查总体通过率92%，比去年提高8个百分点，表明大部分医药企业能够准确理解目录调整工作方案并按条件申报。三是申报品种新药居多。以目录外条件1申报即五年内获批新通用名药品数量为343个（不含预申报品种）。整体来说，申报药品的数量和通过形式审查的比例都高于往年，这一方面体现了我国医药行业蓬勃发展，新药上市数量持续增加，医药企业高度重视、积极参与药品目录调整，另一方面也说明企业对目录调整规则的理解更加清晰、行为更加理性，一些多次申报均未通过形式审查的品种本次未再进行申报。
六、如何看待一些目前市场价格较为昂贵等明显超出基本保障范围的药品通过了基本医保目录的形式审查？
自国家医保局成立以来，坚决贯彻党中央、国务院决策部署，始终牢牢把握基本医保“保基本”的功能定位，坚持尽力而为、量力而行，实事求是地确定保障范围；始终坚持稳健可持续，将医保基金和参保群众的承受能力作为基本医保目录调整工作的基础，通过准入谈判等方式有效控制药品费用；始终聚焦群众基本医疗需求和临床技术进步间的平衡，提升可及性、维护公平性。今年有一些价格较为昂贵、可能超出基本医保保障能力的药品通过了基本医保目录初步形式审查，仅表示该药品符合申报条件，获得了进入下一个环节的资格。这类药品最终能否进入基本医保目录，还需要经严格的专家评审，以及后续的独家药品谈判、非独家药品竞价等程序才能最终纳入目录。
七、本次公示后将进行哪些工作？
下一步，我们将根据公示期间收到的反馈意见及有关部门的反馈，对有关药品信息进行复核，确定最终通过形式审查的药品名单并向社会公布。同时，最终形式审查结果无论是否通过，均会通过2026年基本医保目录及商保创新药目录调整申报模块向申报企业反馈。国家医保局将按照工作方案要求，抓紧推进专家评审、基本医保目录的谈判竞价及商保创新药目录的价格协商等工作。
感谢社会各界对医疗保障工作的关心和支持。
链接：关于通过2026年国家基本医疗保险、生育保险和工伤保险药品目录及商保创新药目录调整初步形式审查的药品及相关信息的公示
中国医保，一生守护！维护医保基金安全，人人有责！打击欺诈骗保举报电话：010-89061396，010-89061397；邮箱：jubao@nhsa.gov.cn。"
《国家基本医疗保险医疗服务项目目录（第一批）制定工作方案》政策解读,2026-05-28,https://www.nhsa.gov.cn/art/2026/5/28/art_105_20770.html,"近日，国家医保局在官网和微信公众号发布了《国家基本医疗保险医疗服务项目目录（第一批）制定工作方案》（以下简称《工作方案》）并公开征求社会意见。《工作方案》主要对制定《国家基本医疗保险医疗服务项目目录》（以下简称医保项目目录）的目标任务、目录范围、工作程序等内容进行了说明，现就有关内容解读如下。
一、为什么要制定《国家基本医疗保险医疗服务项目目录》？
为贯彻落实党中央、国务院关于增强社会保障制度统一性和规范性的要求，国家医保局持续完善医保支付范围管理。药品目录、医疗服务项目目录和医用耗材目录一起构成了医保基金的支付范围。目前，国家医保药品目录已实现全国层面基本统一。对于医疗服务项目，国家层面只规定了不予支付和可以部分支付费用的范围，各地医保部门根据临床需求、医疗技术发展、医保基金运行等实际情况确定本地区医疗服务项目医保支付范围。
医疗服务价格项目是医保支付的基础，在国家医保局成立以前，各地区项目的名称、内涵、颗粒度不一等情况普遍存在。随着国家医疗服务价格项目立项指南的制定和落地，全国医疗服务可收费项目的名称、内涵逐步统一，29个省份统一了省内医疗服务项目医保支付范围，出台全国基本医疗保险医疗服务项目目录的时机已然成熟。因此，为进一步提升统一大市场内涵，提高医保基金的使用效率，提升基本医保的公平性、规范性、统一性，我们拟着手制定《国家基本医疗保险医疗服务项目目录》，考虑到目前各省（自治区、直辖市）医疗服务项目医保支付范围有一定差异，医保医疗服务项目目录先从跨省异地就医患者开始实施，再逐步推进全国范围统一。
二、医保项目目录制定的原则？
坚持以人民健康为中心，牢牢把握基本医保“保基本”的功能定位，尽力而为，量力而行。综合考虑各地基金承受能力、临床需求与社会影响等因素，遵循总量稳定、平稳衔接的原则，科学划定医疗服务项目保障范围。
三、目录如何与现有政策进行衔接？
一是与原有规定相衔接基础上适应新的形势。目前，医保医疗服务项目管理主要依据《关于印发城镇职工基本医疗保险诊疗项目管理、医疗服务设施范围和支付标准意见的通知》（劳社部发〔1999〕22号）。文件对医疗服务项目（诊疗项目）的纳入原则、不予支付和可以部分支付费用的范围作出了明确规定，其落地实施20多年以来，在规范医保医疗服务项目管理、确保基金安全、提高医疗保障水平方面发挥了巨大作用。但随着医疗技术的发展和政策形势的变化，22号文中的一些内容需要进行适时调整。如文件中规定了各种不育（孕）症的诊疗项目基本医疗保险不予支付，随着国家生育政策的调整和辅助生殖技术的成熟，2025年1月1日起，全国31个省（自治区、直辖市）及新疆生产建设兵团均已将适宜的辅助生殖项目纳入医保。因此，国家基本医疗保险医疗服务项目目录既要基于原有的管理理念、也要贴合当下实际，优化完善相关制定规则。
二是与各省管理政策相衔接。目前，各省医保医疗服务项目范围是根据当地基金承受能力，综合考虑地方医疗服务价格水平和服务能力确定的。国家医保项目目录出台后，暂不强制要求全国全面施行。我们考虑通过目录的落地发挥积极引导作用，指导地方在实施过程中逐步控制存量、调整增量，有序将本地现行的医疗服务项目医保支付范围与国家医保项目目录范围做好衔接，根据实际情况逐步实现全国范围内医疗服务项目医保支付范围的基本统一。
四、医保项目目录的内容？
医保项目目录以临床上可收费的、有政府指导价的医疗服务价格项目为基础，除血液相关收费等特殊项目外，以国家医保局发布的《国家医疗服务价格项目立项指南（试行）》内容确定分类和项目范围。考虑到当前大部分立项指南已经出台，我们会根据各省立项指南落地情况，按程序分批制定医保项目目录。首批考虑制定“临床量表评估、中医（灸法、拔罐、推拿）、中医外治、中医针法、中医骨伤、中医特殊疗法、口腔种植、辅助生殖、产科、放射检查和康复”11类全国医保项目目录。
五、医保项目目录制定的具体安排？
根据《工作方案》安排，第一批医保项目目录的制定按照“准备-评审-发布”三个阶段推进。
2026年4月-6月为准备阶段，主要进行前期组织保障、制定工作方案、信息采集和梳理以及基金测算。前期，《工作方案》已征求发改委、财政部、卫生健康委、中医药局和各省级医保局意见。
2026年7月-9月为评审阶段，分为摸底调查、专家评审和基金影响评估三个环节。通过调查问卷的形式调研了解医疗机构对相关医疗服务项目纳入目录的初步意见后，组织专家分专业集中开展评审，之后对拟纳入目录的项目进行医保基金测算。
2026年10月-11月为发布阶段，结合专家评审意见和基金测算情况，形成第一批医保项目目录并按程序印发。
由于国家医保项目目录是初次制定，各项工作均需从零起步、统筹探索，因此制定周期相对较长，初步预计需要2年左右时间完成全部目录的制定和发布工作。同时，我们将同步研究医保医疗服务项目支付管理政策，推动医保管理更加精细化、规范化。
欢迎社会各界对本方案提出宝贵意见！
链接：《国家基本医疗保险医疗服务项目目录（第一批）制定工作方案》公开征求意见
中国医保，一生守护！维护医保基金安全，人人有责！打击欺诈骗保举报电话：010-89061396，010-89061397；邮箱：jubao@nhsa.gov.cn。"
关于《医疗保障基金监督检查五年行动计划（2026年—2030年）》政策解读,2026-05-13,https://www.nhsa.gov.cn/art/2026/5/13/art_105_20493.html,"近日，国家医保局印发了《医疗保障基金监督检查五年行动计划（2026年—2030年）》（简称《五年行动计划》)。现对有关内容解读如下。
一、《五年行动计划》出台的背景是什么？
医保基金是人民群众的“看病钱”“救命钱”，基金安全事关民生福祉与社会稳定。党中央、国务院历来高度重视维护医保基金安全，国家医保局自成立以来，积极探索建立了飞行检查机制，坚持打防结合，有力筑牢了基金安全防线。然而，目前基金安全运行仍面临诸多挑战，一方面，基金跑冒滴漏问题尚未彻底根治，欺诈骗保时有发生，骗保方式呈现隐蔽化、专业化、复杂化特征，对基金安全构成直接冲击。另一方面，随着医保参保覆盖面扩大、保障待遇水平提升、医保支付方式改革推进，基金使用主体日益多元，资金流转链条不断延伸，进一步加大了医保基金风险防控难度，对基金监管工作提出了更高要求。
为持续深入贯彻党的二十届三中、四中全会精神，落实“十五五”规划建议，国家医保局在全面总结前期工作经验、认真分析基金监管面临形势、深入谋划未来五年工作的基础上，研究制定了《五年行动计划》。《五年行动计划》通过明确未来五年监管工作的指导思想、基本原则、主要目标和重点任务，有利于统一思想、凝聚共识，指导各地准确把握未来一段时期基金监管工作的总体思路和重点任务，切实维护医保基金安全。
二、《五年行动计划》的总体考虑是什么？
坚持以习近平新时代中国特色社会主义思想为指导，全面贯彻党的二十大及二十届历次全会精神和国务院办公厅《关于加强医疗保障基金使用常态化监管的实施意见》要求，始终把维护医保基金安全作为首要任务，持续强化监管，坚决守住医保基金安全底线。
《五年行动计划》提出未来五年医保基金监管的整体目标任务，即通过五年的时间，基本建成宽严相济、标本兼治、综合施策，全方位、多层次、立体化的医保基金监管体系，实现震慑态势进一步巩固、智能监管能力明显提升、监管机制更加完备、制度更加健全、主体自我管理主动性有效提升、基金使用行为更加规范、基金运行环境深度净化、医保治理体系和治理能力现代化水平显著提升。
三、《五年行动计划》在维护医保基金安全方面有哪些具体举措？
《五年行动计划》对“十五五”时期医保基金监管重点工作提出以下具体举措：
一是重拳治标，持续巩固“不敢骗”的高压态势，通过强化飞行检查，充分发挥震慑效应。推动监督检查全面覆盖，覆盖全国所有统筹地区，覆盖各主体、各类型、各性质、各规模、各场景、各险种，实现七个“全覆盖”。并通过国家、省、市三级联动，构建起立体化的监管格局。“十五五”期间，力争完成全国定点医药机构现场检查全覆盖。国家飞检每年覆盖全国所有省份，5年覆盖全国地级市；省级飞检每年覆盖全省所有地级市（区、县）、5年覆盖所有县；市县医保部门结合实际，5年实现辖区内定点医药机构和医保经办机构现场检查全覆盖。首次提出探索长护险专项飞行检查，同时推动开展军地联合飞行检查。进一步丰富监督检查形态，坚持四个“相结合”，即年度飞检、专项飞检与“点穴式”飞检相结合，分类精准监管；直接指定与随机抽查相结合，消除侥幸心理；明察与暗访相结合，兼顾震慑力度和检查效率；全覆盖检查与重点突破相结合，切实提升监管针对性与威慑力。健全问题处置与整改闭环机制，综合运用协议管理、行政处罚、支付资格管理等方式，严格问题处置，同时深化多部门协同治理，形成“检查—处置—整改—治理”贯通的监督管理链条。
二是技术赋能，不断织密“不能骗”的天罗地网。强调通过技术赋能，持续提升监管现代化水平。健全大数据监管模型矩阵，为监督检查提供“千里眼”“顺风耳”。加强大数据监管模型研发应用，聚焦典型违法违规行为、特殊群体、药品耗材、诊疗项目、病种及险种等关键领域，研发多维监管模型矩阵，提升精准识别与监测预警能力。完善事前事中事后全流程智能监管体系，推进医药机构端事前提醒、经办端事中审核、行政端事后监管“三道防线”建设，形成梯次拦截违法违规行为的协同效应。强化“两库”在事前事中事后全流程应用，完善事前、事中、事后有效衔接工作机制，定期总结收集医药机构端事前提醒、经办端事中审核中形成的成熟有效规则和知识点，经研究论证及时纳入“两库”，积极推进超量开药智能监管事前提醒工作，适时将事后监管中成熟适宜规则推送到事前、事中，以事后监管赋能事前提醒和事中审核。创新探索人工智能等前沿技术和新场景监管应用，重点聚焦药品追溯码、人工智能赋能医保监管等方面，坚持创新驱动，全面推动医保监管从“被动应对”向“主动防控”转变，实现全链条、智能化、穿透式监管。
三是源头治本，持续健全“不想骗”的长效机制。聚焦法律制度、监督检查、宽严相济、信用管理、衔接联动、社会监督、教育引导七大机制，强化系统观念，坚持标本兼治、重在治本，着力构建系统完备、科学规范、运行有效的长效监管格局。健全科学完备的法律制度体系，推动形成统一规范的行政执法标准体系，进一步加强定点零售药店职工基本医疗保险个人账户使用监督管理，研究出台日常监督管理办法，探索建立长期护理保险基金监管相关制度，逐步构建覆盖各险种、各主体、各环节的基金监管法律法规制度体系。完善高效管用的监督检查机制，坚持“以上查下、交叉互查”“点线面结合”“异地就医”监管、抽查复核和“回头看”、为基层减负工作等五大机制，切实提升监管质效。坚持宽严相济的治理机制，持续完善“自查自纠”、落实好“三重沟通”、秉持“实事求是”原则，依法依规分类处置，促进规范与发展相统一。建立激励约束并重的信用管理机制，构建涵盖定点医药机构、机构从业人员、参保人员的信用管理体系，鼓励将信用评价结果与相关激励约束机制相关联，促进外部监管转化为主动合规的内生动力。健全协同有力的衔接联动机制，加强与财政、卫生健康、中医药、市场监管、药监等部门沟通协调、信息共享和结果贯通，推进跨军地联合监管，凝聚监管合力。构筑全民参与的社会监督机制，持续健全举报投诉工作机制，用好举报奖励制度，不断延伸社会监督触角。推进精准滴灌的教育引导机制。建立常态化宣教机制，坚持正反并举、内外结合、精准滴灌，推动以案促改、以案促治。
四、《五年行动计划》将主要产生哪些积极影响？
一是进一步筑牢医保基金安全防线。《五年行动计划》明确了未来五年监管框架，通过建立起全方位、多层次、立体化的医保基金监管体系，全面强化医保基金监管，从严查处各类违法违规问题，坚决守牢人民群众的“看病钱”“救命钱”。
二是进一步遏制“劣币驱逐良币”现象。通过精准打击违法违规使用医保基金的行为，靶向治理、净化市场环境，为合规经营的定点医药机构创造良好发展环境和生态秩序，激发市场主体活力。
三是进一步助力“三医”协同高质量发展。《五年行动计划》通过系统性的治理，在保障基金安全的同时，有助于促进医疗、医药良性发展，实现“安全”与“发展”的良性互动。整体而言，《五年行动计划》将以高水平的安全监管，助力医保、医疗、医药高质量发展。
链接：国家医疗保障局关于印发《医疗保障基金监督检查五年行动计划（2026年—2030年）》的通知
中国医保，一生守护！维护医保基金安全，人人有责！打击欺诈骗保举报电话：010-89061396，010-89061397；邮箱：jubao@nhsa.gov.cn。"
百万台医用成像设备有了“医保身份证”！19位编码助力医保精细化管理再升级,2026-05-11,https://www.nhsa.gov.cn/art/2026/5/11/art_105_20461.html,"近日，国家医保局正式印发《医保医用设备（成像类）编码规则和方法》，为全国成像类医用设备建立统一“医保身份码”，标志着医用成像设备医保管理由此迈入标准化、精细化新阶段。
医用成像设备：临床诊疗医生的“第二双眼睛”
提到医用成像设备，大家其实一点都不陌生，它是临床诊疗的重要支撑，被称为医生诊断病情的“第二双眼睛”，贯穿从常规体检到疾病诊断、治疗监测的全流程。感冒咳嗽怀疑肺部感染时，拍胸片用的X线设备；孕妇产检时观察胎儿发育的超声设备；排查肿瘤、心脑血管疾病时常用的CT设备、磁共振成像设备（MRI），均属于医用成像设备范畴。
这类设备通过相关技术手段，精准捕捉人体内部组织、器官的状况，再以清晰图像形式呈现，帮助医生快速识别病灶、判断病情，为对症施策提供科学依据。
科学定规：真实世界数据与行业政策双轮驱动
成像类医用设备编码作为“医保影像云索引”的重要组成部分，直接关联影像文件生成设备。此前各地医用成像设备没有统一的医保编码标准，为推进“医保影像云索引”应用带来挑战。
为确保编码规则科学合理、切实可行，国家医保局在制定过程中，一是深挖用好真实世界数据。全面归集经药监部门注册、备案的成像设备有效批件近2800份，为编码研制夯实数据基础。二是遵循现行法规及行业政策，全面衔接现有成熟标准体系，做到分类有据、口径统一、衔接顺畅。三是立足临床实际应用需求，结合设备结构特征、功能属性科学设置分类维度，确保编码设计贴合实际、便于落地应用。
在此基础上，国家医保局先后开展系统调研、专家论证、公开挂网征求意见，组织多领域专家及相关企业开展多轮座谈研讨，最终形成《医保医用设备（成像类）编码规则和方法》及数据集，确保规则制定过程公开透明、论证充分。
19位编码：构建设备专属“身份档案”
国家医保局遵循“统一规划、统一分类、统一发布、统一管理”原则，编码由5个部分、共19位代码构成。
第1部分为标识码（2位），使用“CS”表示医用设备大类。第2部分为分类码（6位），参照药监部门《医疗器械分类目录》按功能类别、技术原理、用途品名三级划分，设置X射线机、CT设备、磁共振成像设备、超声设备等8个二级分类和31个三级分类，确保同类设备精准归类。第3部分为设备特征码（3位），依据结构特点、使用部位、成像方式三个维度形成了110个特征，用以区分同类设备差异。第4部分为规格型号码（3位），以流水码区分不同规格型号，保障编码唯一性。第5部分为企业码（5位），依据医疗器械注册证或备案凭证，为生产企业赋予唯一标识，实现责任主体精准定位。
同时，后续将建立医用设备（成像类）数据库，涵盖设备实物图片、注册证电子档案、生产经营许可证信息、法人信息等，相当于给每台成像设备建立了一份详细的“档案”。举个例子，一台摄影X射线机，通过这串编码，就能清晰查到它的生产企业、结构特点（固定式、移动式还是车载式）、适用场景（用于常规胸片，还是牙科检查），以及是否属于数字化设备，真正做到“一码识设备，信息全明晰”。
赋能应用：多方受益惠及民生
这串小小的19位编码，看似简单，却能让群众、医疗机构、行业企业、医保部门等多方受益，实现共赢。
对群众而言，依托编码在优化诊疗服务、把控设备质量、强化基金监管等方面的支撑作用，群众检查结果更可靠、费用结算更清晰，就医体验不断提升，合法权益得到更坚实的保障。
对医疗机构而言，借助设备编码可实现全生命周期管理，覆盖采购入库、使用维护、报废处置各环节，全程可追溯、可核查，推动医疗设备管理更加规范高效。
对行业企业而言，编码可精准溯源至生产厂家，能够有效推动企业强化质量管控、提升产品品质，助力营造规范透明、公平有序的行业市场环境。
对医保部门而言，编码可以实现与成像设备的精准绑定、一一对应，从源头强化医保基金全流程监管，让每一笔医保基金都用在“刀刃上”，有效守护老百姓的“救命钱”。
规范引领，助推服务提质增效
此次编码规则的发布，是国家医保局推进医保信息化、精细化管理的重要举措，更是助力“医保影像云索引”全面应用关键一步。未来，这套编码体系的全面落地，将进一步打通医疗影像调阅应用的“最后一公里”，推动医疗服务提质增效，让智慧医保服务更接地气、更暖民心，为医疗卫生事业高质量发展注入新动能。
链接：国家医疗保障局办公室关于印发《医保医用设备（成像类）编码规则和方法》的通知
中国医保，一生守护！维护医保基金安全，人人有责！打击欺诈骗保举报电话：010-89061396，010-89061397；邮箱：jubao@nhsa.gov.cn。"
关于《2026年国家基本医疗保险、生育保险和工伤保险药品目录及商业健康保险创新药品目录调整工作方案（征求意见稿）》等文件的解读,2026-05-09,https://www.nhsa.gov.cn/art/2026/5/9/art_105_20455.html,"《2026年国家基本医疗保险、生育保险和工伤保险药品目录及商业健康保险创新药品目录调整工作方案（征求意见稿）》等文件已在国家医保局官网和微信公众号公开征求意见，现就有关情况解读如下。
一、2026年目录调整的目标任务是什么？
国家医保局将以习近平新时代中国特色社会主义思想为指导，全面贯彻党的二十大和二十届历次全会精神，坚持以人民健康为中心，统筹考虑广大参保人用药保障需求、基金支付能力、多层次医疗保障体系及支持创新药高质量发展等因素，开展2026年国家基本医疗保险、生育保险和工伤保险药品目录调整，促进目录结构更加合理优化、管理更加科学规范、支付更加管用高效、保障更加充分可及。同步开展商业健康保险创新药品目录调整，主要纳入超出保基本定位、暂时无法纳入基本目录，但创新程度高、临床价值大、患者获益显著且适保性强的创新药，推荐商业健康保险、医疗互助等多层次医疗保障体系参考使用。
二、2026年目录调整有什么整体把握？
国家医保局成立以来，持续完善药品目录动态调整机制，坚持每年常态化、动态化调整医保药品目录，调整的规则、程序不断完善。2025年，经国务院同意，国家医保局会同国家卫生健康委印发了《支持创新药高质量发展的若干措施》，并制定发布了首版商保创新药目录，在支持多层次医疗保障体系的同时，进一步树立了支持医药产业创新的鲜明导向。
2026年目录调整中我们将重点把握以下几个方面：一是医保药品目录继续坚持“基本医保保基本”的功能定位，坚持尽力而为、量力而行，把保障水平的提升建立在基金支付能力的基础上。二是坚持“真支持创新、支持真创新、支持差异化创新”，突出临床价值、患者获益，通过支付政策引导产业创新方向。三是建立商保创新药目录与医保目录的衔接机制，推动多层次医疗保障体系的建设，为创新药拓展更多支付空间。四是加强“医疗、医保、医药”协同发展和治理，目录调整充分与卫生健康政策、药品审评审批制度等政策相衔接，鼓励开展基于真实世界数据的医保综合价值评价。
三、与去年相比，2026年目录调整工作方案有哪些变化需要关注？
除按规则对药品获批和修改适应症的时限要求进行顺延外，今年主要优化和调整体现在以下几方面：
一是允许“预申报”。为给目录发布后落地执行、商保衔接等留有必要的准备时间，今年目录启动申报预计将较往年提前1个月左右。同时考虑尽可能减少对创新药行业的影响，允许申报开始时尚未正式获批、但已经完成技术评审的药品进行预申报，即申报药品的截止时限改为“方案正式印发之日（含）前已获批或已完成技术审评”。按照药监部门相关规定，完成技术审评后的行政审批环节有明确的完成时限要求，因此进行预申报的药品需在规定时间前按要求补充提交正式的药品注册批件，审核后符合条件的即可纳入今年目录调整范围。
二是目录外药品申报条件增加3条，分别为“纳入2025年商业健康保险创新药品目录的药品”、“2020年1月1日后国家药监部门附条件批准上市且于2023年1月1日至本方案公布之日期间转为常规批准的新通用名药品（不含新适应症或功能主治）”、“2020年以后谈判准入的品种，因未能成功续约而被调出目录的，其首个同通用名药品于2021年1月1日至本方案印发之日期间获批上市的”，调整后既适当拓宽了目录外药品的申报范围，也体现医保药品目录与商保创新药目录的衔接，稳定企业参与申报商保创新药目录的积极性。同时，也允许已在商保创新药目录内的药品因新增适应症进行申报。
三是调出重点考虑方面，根据国家药监局发布的《中药注册管理专门规定》，将说明书中禁忌、不良反应、注意事项为尚不明确且未在规定时间内完善的中成药作为重点考虑调出的品种。
四是用药剂量计算方面，国家体育总局发布的国民体质监测公报数据显示，国民平均体重水平已普遍提升。在涉及到按体重计算用量的药品费用时，由原成人60kg计算，修改为成人65kg计算，并同步将体表面积修改为1.68m2，调整后相关参数也与各地药品挂网时的计算规则保持一致。
此外，今年4月国家医保局组织开展了第一批31个1类新药的参照药预沟通，后续将持续推进相关工作。提前确定参照药的方式对指导后续企业开展药物经济学研究等提供了较好的基础。国家医保局将进一步优化规则，为“真创新”、“差异化创新”创造更好条件。
四、请问增加申报条件“2020年1月1日后国家药监部门附条件批准上市且于2023年1月1日起至本方案公布之日期间转为常规批准的新通用名药品（不含新适应症或功能主治）”，主要考虑是什么？
药品附条件批准上市允许未完成全周期临床试验的药品有条件上市，显著缩短了临床急需药物的可及时间，对提高新药可及性发挥了很大作用。但在历年评审中，也会有一些新药因上市前“疗效未充分验证”“长期安全性缺失”等原因未通过专家评审。
今年4月，国家药监局发布《药品附条件批准上市申请审评审批工作程序》，明确完成确证性研究的时间原则上在批准之日起4年，并有一次申请延期的申请机会。国家医保目录调整以临床价值为导向，高度重视临床证据，考虑到附条件上市的药品完成确证性研究、转为常规批准需要一定的时间进行临床数据积累和验证，对其给予更宽的申报时间，有助于更好确认药品临床价值，避免这些药品价值得到确认、转为常规批准时超过5年申报期而丧失纳入目录的可能。我们希望相关企业珍惜机会，扎实做好确证性研究，积极开展基于真实世界数据的医保综合价值评价，提供扎实的临床证据支持评审。
今年，该申报条件将起始日期设定为2020年1月1日，主要考虑到从2020年起目录调整全面实行企业申报制，这一起始日期两年内不调整，后续将逐年顺延，目标是调整为附条件上市的药品除了获批后5年内可以申报外，如果5年内任意时间转为常规批准，常规批准后的3年内也可以申报，也就是这些药品最多可获得“5年+3年”的申报时间，不仅更好与审评审批政策衔接，也充分体现医保对创新的支持、对证据的尊重。
五、目录外申报条件新增“2020年以后谈判准入的品种，因未能成功续约而被调出目录的，其首个同通用名药品于2021年1月1日至本方案印发之日期间获批上市的”，主要考虑是什么？
自2020年开始，医保药品目录调整正式实行企业申报制，对于5年内获批的新通用名独家药品采取谈判方式纳入，谈判成功的签署协议（协议期2年），协议到期后符合条件将按规则续约。实践中有少数药品因企业自身市场决策或者因没有履行保供承诺等原因，未能续约而被调出目录。考虑到这些药品的临床价值已经在往年目录调整中得到认可，特别是可能有其他企业正在仿制，如果同通用名药品上市后不给予申报资格可能有失公允。因此从今年起，允许在一定时期内获批的同通用名药品申报，不仅能更好满足临床用药需求，也符合我国药品行业“仿创结合”的实际情况。
六、续约规则和竞价规则有什么变化吗？
结合目录管理形势变化和去年调整经验，今年的续约规则和竞价规则进行了适当调整，主要体现在：
（一）续约规则方面。2025年开始，陆续有谈判药品满足协议期满8年的条件，在重新核定支付标准后从谈判药品转入常规乙类管理。在总结去年经验的基础上，为进一步稳定企业预期，今年在续约规则中明确协议期满8年的独家药品转入常规目录部分的支付标准的确定方式。即分别按照方法一（按简易续约规则确定下调比例）和方法二（本协议期实际发生的纳入支付范围的年均实际药品费用超过3亿元（不含）的，支付标准下调10个百分点）计算下调比例，取两者中的高者为最终下调比例。
（二）竞价规则方面。为切实减轻患者费用负担和医疗成本，今年将建立竞价药品医保支付标准与挂网价协同机制。竞价药品纳入医保药品目录的，该通用名下挂网价格超过竞价确定支付标准1.8倍（含，下同）的品种均将予以黄标预警标识，超过3倍的均将予以红标预警标识。
七、今年药品目录调整的时间如何安排？
根据工作方案，今年的工作程序仍分为准备、申报、评审、谈判、公布结果5个阶段。因为从目录发布到地方政策衔接、信息系统调整、挂网采购以及商业健康保险产品的设计等都需要时间，因此整体目录调整的进度较往年有所提前。按照目前工作进度，工作方案预计会在5月底正式发布，并在11月底前发布新版医保药品目录和商保创新药目录。今年允许尚未拿到批件但在方案正式发布前完成技术评审的品种预申报，总体看对行业不会产生太大影响。我们也希望有意愿参加今年目录调整的企业抓紧启动目录申报有关准备工作。
最后，感谢社会各界对医保工作的支持。
链接：《2026年国家基本医疗保险、生育保险和工伤保险药品目录及商业健康保险创新药品目录调整工作方案》等相关文件公开征求意见
中国医保，一生守护！维护医保基金安全，人人有责！打击欺诈骗保举报电话：010-89061396，010-89061397；邮箱：jubao@nhsa.gov.cn。"
《关于医保支持基层医疗卫生服务发展的指导意见》政策解读,2026-03-16,https://www.nhsa.gov.cn/art/2026/3/16/art_105_19933.html,"近日，国家医保局会同国家发展改革委、国家卫生健康委印发了《关于医保支持基层医疗卫生服务发展的指导意见》（以下简称《意见》）。现对有关内容解读如下。
一、《意见》出台的背景是什么？
习近平总书记高度重视基层医疗卫生和医疗保障工作，要求引导医疗工作重心下移，资源下沉，强调要加强乡村卫生体系建设，保障好广大农民群众基本医疗。党的二十届四中全会部署实施医疗卫生强基工程，“十五五”规划建议明确要求加强县区、基层医疗机构运行保障。国务院部署实施医疗卫生强基工程，对加快基层发展激励机制做出安排，要求推进以按病种付费为主的多元复合式医保支付方式改革，完善不同层级医疗卫生机构差别化支付政策。
为全面贯彻落实党中央、国务院决策部署，聚焦解决群众基层就医诊疗和医疗保障难点问题，更好发挥医保支持基层服务能力提升和促进分级诊疗作用，国家医保局会同相关部门多次调研，充分听取基层医疗卫生机构意见建议，综合调研、数据分析、案例解析、专家座谈等情况，研究细化支持基层医疗卫生服务发展的具体举措，联合国家发展改革委、国家卫生健康委制定了《意见》，切实保障群众在基层“看得上”“看的起”“看的好”病，推动实现基层医疗卫生机构得发展，参保群众得实惠，医保基金可持续。
二、《意见》的总体考虑是什么？
《意见》坚持以习近平新时代中国特色社会主义思想为指导，着眼于强基层、固基础、保基本，以医保支付杠杆作用为牵引，立足支持提高基层服务能力，夯实基层医疗卫生机构群众健康“守门人”和医保基金“守门人”功能，明确医保基金用于基层医疗卫生机构的占比随着基层服务质效提高而逐步提升。《意见》围绕基金总额管理、定点管理、价格管理、待遇保障、家医签约、支付改革、用药保障、结算清算、经办服务、拓展长护服务等明确提出了14条具体措施，更好支持服务强在基层、促进改革举措落在基层、实现便捷服务优在基层。
三、《意见》在支持基层医疗卫生机构平稳运行和提升基层医疗卫生机构服务能力方面有哪些具体举措？
一是支持医保基金流向基层，明确基金保障渠道，稳定基层预期。优化医保基金区域总额管理，在保障基金平稳运行的基础上，通过优化总额编制结构，合理体现对基层的支持，年度新增医保基金可适当向基层倾斜；完善紧密型医共体总额付费，重点对医共体总额、绩效考核、结余留用等提出要求，明确结余分配要向基层倾斜；拓展基层机构定点覆盖，在合理规划定点资源配置基础上，及时将符合条件的基层医疗卫生机构纳入定点，医疗救助定点在乡镇（街道）层面至少覆盖1家基层机构。
二是鼓励基层用好价格政策开展适宜服务。指导基层用好价格项目政策，结合立项指南落地，鼓励基层用好上门服务费、安宁疗护费、家庭病床建床费、互联网诊查费（复诊）、中医、康复类等项目；优化基层机构价格管理，明确一般诊疗费原则上10元左右，分类优化医疗服务价格体系，有针对性促进分级诊疗，如对一、二级手术治疗、护理、影像检查和检验等适当缩小不同等级机构价格差距，针对部分均质化程度高的项目推进区域内价格协同。
三是推进适宜基层特点的支付改革。探索适宜基层的门诊支付方式，鼓励探索门诊按人头付费与慢病管理相结合、加强基层门诊付费与家庭医生签约联动，探索将签约居民门诊基金按人头支付给基层或家医团队；巩固提升住院按病种付费质效，动态调整分组方案，遴选适宜的基层病种，并对中医支付、病种付费核心要素管理、数据发布等工作提出要求。
四是提高医保基金结算效率。落实医保基金预付政策，稳步拓展即时结算覆盖面，优化工作流程，压缩结算时限；实施医保基金清算提质增效三年行动，自2028年起，实现每年3月底前完成上年度清算；规范基金清算流程，有针对性减轻基层医疗卫生机构资金周转压力；鼓励有条件的地区降低基层医疗卫生机构医保服务质量保证金比例。
四、《意见》在引导患者基层就医方面有何具体举措？
一是在提升基层待遇水平方面。加强门诊就医保障，职工医保普通门诊费用政策范围内支付比例不低于50%，居民医保门诊统筹主要依托基层医疗卫生机构开展，政策范围内支付比例不低于50%，鼓励有条件的地区向基层倾斜，支持基层对符合条件的慢病患者开具长期处方；落实住院差别化待遇政策，适当拉开不同级别医疗机构报销比例；综合基金支撑能力、群众就医需求、基层医疗服务能力，合理确定基层医疗卫生机构住院起付线。
二是在支持家庭医生签约服务方面。鼓励有条件的地区统筹基层医疗卫生机构医保基金和基本公共卫生服务资金，支持基层医疗卫生机构拓展家庭医生签约服务内容，因地制宜细化基本服务包和个性化服务包内容。基本服务包中纳入医保服务项目管理的，按规定做好编码管理和医保支付。个性化服务包由签约基层医疗卫生机构按程序向县级卫生健康部门备案，费用由个人支付。
三是在支持提高药品供应保障能力方面。健全“三级”用药衔接联动机制，健全医共体内药品采购、配送、使用一体化管理机制，实现处方规范流转、用药需求精准匹配；加快推进“医保药品云平台”建设，更好满足群众和基层医疗机构急需药品的查询、配备需求；扩大集采政策覆盖面，扩大基层常见病、慢性病药品采购、配备、使用范围。
四是在提高基层医保便捷服务方面。支持基层经办站点配备终端设备、集成人脸识别技术应用，加快推进基层医疗卫生机构刷脸支付；鼓励有条件的地区推进医保经办“智能办”，可依托医保智能体为参保群众和基层医疗卫生机构提供24小时线上智能咨询；加强基层医务人员医保政策业务培训和指导，提升基层医疗卫生机构医疗保障服务能力。
五、《意见》在完善紧密型县域医共体总额付费政策方面有何具体举措？
开展紧密型县域医疗卫生共同体（以下简称医共体）建设，是提高县域医疗卫生资源配置和使用效率，促进“三医”协同发展和治理，推动构建分级诊疗秩序的重要举措，为提升基层医疗卫生服务能力，让群众就近就便享有更加公平可及、系统连续的预防、治疗、康复、健康促进等健康服务提供有力保障。《意见》支持落实紧密型县域医共体总额付费政策，合理确定医共体职工医保和居民医保支出总额，覆盖县域内门诊和住院服务、本地和异地就医费用。年度内因医保政策调整等合理原因导致医共体支出受影响的，应按程序调整总额指标。医共体通过精细化管理、强化健康管理服务等实现当年基金结余的，不作为次年总额指标的调减因素。完善医共体绩效考核体系，强化县域内就诊率、基层基金使用占比等指标，考核结果与基金结余留用、次年总额挂钩。压实医共体牵头医疗机构内部管理责任，合理做好医共体内结余留用分配，加大向基层医疗卫生机构倾斜。
链接：国家医保局 国家发展改革委 国家卫生健康委关于医保支持基层医疗卫生服务发展的指导意见
中国医保，一生守护！维护医保基金安全，人人有责！打击欺诈骗保举报电话：010-89061396，010-89061397；邮箱：jubao@nhsa.gov.cn。"
《关于加快医疗保障领域场景培育和开放 支持新场景大规模应用的通知》政策解读,2026-02-05,https://www.nhsa.gov.cn/art/2026/2/5/art_105_19592.html,"国家医疗保障局深入贯彻党的二十届四中全会关于加大应用场景建设和开放力度的有关部署，落实《国务院办公厅关于加快场景培育和开放 推动新场景大规模应用的实施意见》具体要求，已于近期印发《关于加快医疗保障领域场景培育和开放 支持新场景大规模应用的通知》（以下简称通知），解读如下。
一、通知出台的背景是什么？
党中央、国务院高度重视场景培育、开放和应用工作。党的二十届四中全会审议通过的《中共中央关于制定国民经济和社会发展第十五个五年规划的建议》，明确提出“实施新技术新产品新场景大规模应用示范行动，加快新兴产业规模化发展”“布局建设概念验证、中试验证平台，加大应用场景建设和开放力度”“打造一批带动面广、显示度高的消费新场景”。2025年11月7日，国务院办公厅印发《关于加快场景培育和开放 推动新场景大规模应用的实施意见》，提出加快培育拓展经济社会应用场景的5个方面、22项具体内容，其中政务服务领域、医疗卫生领域、养老助残托育领域、跨界融合消费领域等均与医疗保障工作密切相关。
国家医疗保障局坚决贯彻落实党中央、国务院决策部署，坚定站稳群众立场，主动服务经济社会发展大局，通过创新企业座谈等方式，征集到一批覆盖基本医疗保险、生育保险、医疗救助、长期护理保险等医疗保障各相关领域的场景，在严格把关方向性、可行性、安全性的基础上，已经初步构建起一个动态更新的场景库。在此基础上研究印发通知，明确医疗保障领域场景培育和开放的相关要求，营造全社会共同参与场景应用的良好环境，更好统筹贯通医疗保障保健康与促发展功能。
二、通知的主要内容是什么？
通知从总体要求、重点任务、保障措施三个部分，构建起完善的医疗保障领域场景培育、开放和应用的工作机制，主要内容概括为“四个坚持”。
（一）坚持需求导向。
医保部门将紧紧围绕群众需求和医保改革需要，常态化征集涉及医疗医药技术进步、便民服务优化、管理能力提质、跨领域协同增效、医保综合价值评价等方面的场景，动态更新医保领域场景库。鼓励地方医保部门结合本地实际，提出能够体现区域特色、解决实际难题、具备推广潜力的场景。主要目标是通过精准开放特定场景，推动解决一批医保领域群众急难愁盼问题，优化提升医保服务水平，进一步以点促面服务经济社会发展，努力培育健康经济新的增长点。
（二）坚持开放合作。
明确鼓励符合条件的各类企业、高校、科研院所、医疗机构、商业健康保险机构、职工互助保障组织、慈善组织等共同参与医保领域场景应用。医保部门将加强场景宣传推介，积极支持各相关主体与创投机构、产业基金、商业银行等沟通合作，助力社会发现真创新、支持真创新。在确保安全的前提下，依法有序开放数据，丰富政策工具供给，推动场景应用与数智医保建设相衔接，为场景应用提供广阔空间。
（三）坚持示范引领。
国家医保局将组织评估场景库中的成熟场景，分批次公开发布医保领域场景清单。场景清单将明确场景适用层级，如适于国家统一部署、省级全面应用或地市级先行探索等，提出场景应用预期取得的成效，努力构建场景“发布-应用-反馈-优化”的良性循环。同时，医保领域还将开展系列综合性赛事和专业领域赛事，包括全国智慧医保大赛、医保影像云AI识图比赛等，以公开、公平、透明的方式，发挥赛事验证场景价值的功能，推动加快形成一批可复制、可推广的标杆性场景案例。进一步加强内部统筹，按程序择优推荐申报国家层面标志性重大应用场景项目。
（四）坚持安全可控。
医保领域场景培育、开放和应用必须牢牢守住基金安全红线和数据安全底线，做到既要“放得活”又要“管得好”。医保部门将建立完善风险防控机制，严密防范监管漏洞，全面加强场景应用统筹，做到因地制宜推进、稳妥有序发展，坚决防止一哄而上、重复建设。
三、通知将主要带来哪些积极影响？
推进医保领域场景培育和开放，将有效衔接价格、采购、支付、服务、监管、真实世界医保综合价值评价等全流程医保管理工作，更好发挥医保保健康与促发展功能，主要带来三方面积极影响。
（一）提升医保服务水平。
通过将医保领域群众急难愁盼问题向社会公开张榜，鼓励相关主体共同解决问题，提升医保服务水平。比如，大力推进刷脸支付、一码支付、移动支付、信用支付，就是聚焦群众看病缴费的场景，针对“多次排队”“排长队”问题，吸引医药机构、金融机构等共同参与，努力实现群众看病少缴一次费、只缴一次费，直至“医院看病，回家付钱”，以更加多元便捷的付款方式，为群众提供更优就医体验。
（二）创造产业发展机会。
医保领域场景培育和开放将为产业发展带来广阔空间。比如，国家医保局大力推进医保影像云建设，直面群众跨院就医“携带胶片不便、保存管理繁琐”的场景，加快构建覆盖全国的医保影像云跨省秒调阅网络。通过开展医保影像云集采，直接带动数据存储、传输、质控等相关产业发展，以贵州省医保影像云集采项目为例，按照4.95元/人次的中标价格，首年按2156万次需求测算，中标规模达1.07亿元，两年采购期预计将超2亿元，未来仍将持续创造价值。汇聚全国医学影像数据，将为我国医学影像人工智能发展和应用赢得先机。
（三）引领健康消费升级。
医保领域场景培育和开放将有效统筹惠民生和促消费，引领健康消费升级，服务扩大内需这一战略之举。国际经验显示，一国人均GDP突破1万美元后，居民消费结构将加快升级，食品、服装等实物消费支出占比下降，卫生健康、交通通信、文化娱乐等服务消费支出占比上升。2024年我国人均GDP超过1.3万美元，居民消费正处于向发展型、消费型升级的阶段。医保部门主动搭建预设场景，推进个人医保云建设，精准绘制包含个人医保健康档案、财务档案、信息档案等的个人医保画像，将为医药、康养等健康服务拓展丰富的AI应用空间，在居民健康消费升级中发挥积极促进作用。
链接：国家医保局关于加快医疗保障领域场景培育和开放 支持新场景大规模应用的通知
中国医保，一生守护！维护医保基金安全，人人有责！打击欺诈骗保举报电话：010-89061396，010-89061397；邮箱：jubao@nhsa.gov.cn。"
财政部会计司有关负责人就印发《<社会保险基金会计制度>补充规定》答记者问,2026-01-30,https://www.nhsa.gov.cn/art/2026/1/30/art_105_19542.html,"来源：财政部官网
为进一步规范医疗保障基金会计核算，服务加强医疗保障基金管理，近日，财政部制定印发了《〈社会保险基金会计制度〉补充规定》（财会〔2025〕35号，以下简称《补充规定》）。财政部会计司有关负责人就相关问题回答了记者的提问。
问：制定《补充规定》的背景是什么？
答：我部于2017年印发的《社会保险基金会计制度》（财会〔2017〕28号），在规范社会保险基金会计核算、服务加强社保基金管理、维护社保基金安全等方面发挥了积极作用。医疗保障是社会保障的重要组成部分。近年来，我国持续深化医保体系改革，加快建立长期护理保险（以下简称长护险）制度，医保基金的运行管理模式也发生了相应的变化，对医保基金会计核算和信息披露提出了新要求。2025年中央经济工作会议也提出，要“优化药品集中采购，深化医保支付方式改革。实施康复护理扩容提升工程，推行长期护理保险制度，加强对困难群体的关爱帮扶”。在这一背景下，出台《补充规定》具有重要意义。
一是落实党的二十届三中、四中全会要求，服务建立多层次医疗保障体系。党的二十届三中全会提出“加快建立长期护理保险制度”，党的二十届四中全会要求“健全社会保障体系”。当下正处在长护险试点地区制度衔接和其他地区制度新建的关键时期，《补充规定》及时统一和规范了长护险基金的会计核算及报表编制，有利于真实反映各地区基金运行情况，为长护险制度的建立完善提供可比、有效的信息，更好服务医疗保障体制改革。
二是贴合管理实际，推动城乡居民基本医疗保险基金可持续运行。城乡居民基本医疗保险基金（以下简称城乡居民医保基金）实行保费预缴制，即本年度预缴以后年度保费。现行会计制度采用收付实现制，无法实现收支责任的匹配，不利于基金可持续运转。《补充规定》根据管理需要调整城乡居民医保保费的会计处理方式，能够如实反映基金运行情况，及早发现城乡居民医保基金运行风险。
三是跟进医保基金改革最新发展，服务加强医保基金监管。医保基金是人民群众的“保命钱”、“救命钱”。近年来，国家医保局集中发力，针对医保结算方式、药品耗材集中采购、医保基金监管等出台一系列政策，形成了新的业务模式。《补充规定》通过设置明细科目方式反映新业务模式，有利于提高信息颗粒度，为加强基金运行监测与风险预警提供支撑。
问：《补充规定》的起草发布经历了哪些过程？
答：2024年底，我们启动了《补充规定》的研究工作，多次赴国家医保局进行座谈，了解有关各方的信息需求。在系统梳理分析医保政策及医保基金业务流程的基础上，先后赴宁夏、安徽等地就长护险、医保钱包等问题开展调研，在此基础上形成征求意见稿。2025年8月，财政部办公厅印发通知，就《补充规定》征求意见稿征求国家医保局及各地财政部门意见，并通过各地财政部门征求经办机构等相关主体意见。
征求意见稿印发以来，各有关方面积极反馈。反馈意见总体认为，《补充规定》对医保新业务的会计处理作出统一规范，有利于加强医保基金管理，是服务医疗保障体制改革的有效举措。我们对反馈意见进行了认真梳理和分析，在充分吸收的基础上形成送审稿，履行审核批准程序后正式印发。
问：《补充规定》的主要内容是什么？
答：《补充规定》主要包括以下五部分内容：
（一）明确长护险基金及城乡医疗救助基金参照执行《社会保险基金会计制度》。
（二）增设相关会计科目及其使用说明。具体包括：针对医保预付金、集采预付金、直接结算资金，在“1101 暂付款”科目增设明细科目；针对城乡居民医保基金保费收入确认，在“2001 暂收款”科目增设明细科目；针对大病保险资金，在“5101 大病保险支出”科目增设明细科目；针对长护险基金，增设2个支出类一级科目，在有关收支余科目增设明细科目。
（三）明确长护险基金“收支表”的报表格式和编制要求，以及城乡居民医保基金中“大病保险支出”项目的列示要求。
（四）明确城乡居民医保基金等的新旧衔接要求。
（五）明确文件的生效日期为2026年1月1日。
问：《补充规定》需要关注哪些内容？
答：一是关于城乡居民医保基金保费收入的会计处理。现行会计制度下，城乡居民医保保费计入缴费当年的收入，而待遇支出计入实际支出年度，收支年度不匹配。《补充规定》调整了这一事项的核算要求，经国家医保局和财政部备案同意的经办机构，对于城乡居民医保基金预收的以后年度保费，在收到时通过“暂收款”科目进行处理，在对应的受益年度首月一次性确认收入。需要注意的是，长护险基金预收的城乡居民下年度个人保费也通过“暂收款”科目处理，但该事项无需经过国家医保局和财政部备案同意，统一按照《补充规定》执行。
二是关于城乡居民医保基金下“大病保险支出”科目的明细科目设置。《补充规定》对商业保险机构承办、医保机构自行经办两种模式下大病保险资金的会计处理作出进一步规定。商业保险机构承办模式下，经办机构应当设置“划转保费支出”、“风险赔付”、“盈余返还”、“其他支出”明细科目，对大病保险保费划转、风险赔付、盈余返还等业务进行会计核算。
三是关于医保基金与药企直接结算的会计处理。近年来，国家医保局积极推动医保基金与医药企业的直接结算工作，破解医药企业回款难的问题。实务中，对于该类业务是确认暂付款还是支出，尚没有统一的规定。《补充规定》要求直接结算业务通过“暂付款”科目进行处理，待保费结算后再确认支出。该处理方式可以如实反映资金垫付情况及医保基金对参保人群的保障情况，为加强垫付资金监管及医保费用结算管理提供信息支撑。
问：如何做好《补充规定》的贯彻实施？
答：对经办机构而言，一是要及时调整和更新会计核算系统，确保会计核算模块设置满足《补充规定》的要求。二是要严格按照《补充规定》要求开展账务调整，尤其是城乡居民医保基金要准确梳理业务数据，按照规定的步骤做好保费收入的新旧衔接工作。
地方财政部门要加强对《补充规定》的宣传和培训，帮助医保经办机构会计人员和相关人员深刻理解、熟悉掌握《补充规定》出台的背景和主要内容，及时收集《社会保险基金会计制度》、《补充规定》实施中的问题并反馈财政部会计司。
财政部会计司将会同国家医保局加强指导，及时了解和解决《补充规定》实施中的问题，推进《补充规定》全面有效实施。
中国医保，一生守护！维护医保基金安全，人人有责！打击欺诈骗保举报电话：010-89061396，010-89061397；邮箱：jubao@nhsa.gov.cn。"
规范分类命名 赋能医保管理国家医保局发布骨、软骨及软组织植入类医用耗材医保分类与代码及医保通用名,2026-01-16,https://www.nhsa.gov.cn/art/2026/1/16/art_105_19374.html,"骨、软骨及软组织植入材料是通过手术方法全部或部分植入人体，包括永久性或暂时性植入，用于替代、支撑或修补骨骼、软骨及相关组织的医用耗材，涵盖运动损伤修复、骨接合固定、关节置换等多个领域。近日，国家医保局发布《骨、软骨及软组织植入类医用耗材医保分类与代码及医保通用名》，对本类耗材分类进行系统性优化调整并形成规范统一的医保通用名，调整后涉及一级分类1个、二级分类18个、三级分类126个，修订形成医保通用名260个，助力医保精细化管理，推动医疗器械产业创新发展。
规范整合分类，实现标准化管理
骨、软骨及软组织相互连接共同构成了人体支架，相关植入材料是临床最为常见的一类医用耗材。此类耗材品类繁杂、数量庞大且材质特征多样，“一品多证、一证多件、一件多规”的现象普遍，在医保管理各个环节中常面临“找码难、对码烦”的实操困境。
考虑到骨、软骨及软组织材料具有相同或者相似的技术原理、结构组成或预期目的，具备分类归并的基础。本次分类调整将“骨科材料”一级分类名称优化为“骨、软骨及软组织材料”，同时将原本分散在神经外科材料下的颅骨固定/修补材料、口腔材料下的颌面整复材料和修补材料下的骨盆底修补材料等统一整合至“骨、软骨及软组织材料”中，实现医用耗材同质“关键要素”在同一个分类内，提升分类的科学性、合理性和实用性，做到易于维护、易于应用、易于管理。
尊重临床实际，凸显产品价值
本次医保通用名修订充分考虑临床实际，通过多轮专家评审论证，选取必要的材质和特征参数组成医保通用名，体现医用耗材临床价值差异，反映医用耗材在医疗应用中的适应性和功能性，确保通用名适配临床实际应用场景。以“骨水泥”为例，考虑到通过在骨水泥中加入庆大霉素等药物，可预防或治疗术后感染，为体现产品不同治疗作用、满足临床不同治疗需求，本次医保通用名修订优化将“含药/非含药”作为骨水泥的必要特征进行区分，医保通用名确定为“骨水泥(含药)”“骨水泥(非含药)”；同时考虑到使用部位对骨水泥的基本功能无显著影响，临床价值及医保管理要求基本趋同,“关节/脊柱/其他部位”特征不在医保通用名中体现。
聚焦技术创新，助力行业发展
医用耗材分类调整与医保通用名修订优化工作始终关注科学技术在医用耗材领域的创新发展，通过合理设置分类，在通用名中体现创新材质特征，支持创新产品快速应用。例如，定制式植入材料依托数字化技术，能根据患者骨骼数据定制，较传统批量生产的医用耗材更具个体适配性，据此新增“定制式植入材料”分类并修订相应医保通用名。又如，可吸收锚钉、可吸收接骨板等产品可在体内通过水解、酶解等方式逐步降解，最终被人体吸收或代谢，避免传统材料二次手术取出的问题，降低患者痛苦和医疗成本，本次通用名修订优化选配特征“可吸收/不可吸收”作为相应产品医保通用名的组成部分，充分认可创新产品临床价值，积极回应群众健康需求，激励企业加大研发投入，助力医用耗材高质量发展，切实提升人民群众的获得感、幸福感、安全感。
链接：国家医保局发布《骨、软骨及软组织植入类医用耗材医保分类与代码及医保通用名》
中国医保，一生守护！维护医保基金安全，人人有责！打击欺诈骗保举报电话：010-89061396，010-89061397；邮箱：jubao@nhsa.gov.cn。"
《参照药预沟通办法（试行）》（征求意见稿）说明,2026-01-09,https://www.nhsa.gov.cn/art/2026/1/9/art_105_19320.html,"近日，我局就《参照药预沟通办法（试行）》（征求意见稿）向社会公众公开征求意见。现将有关考虑说明如下。
一、什么是参照药？
参照药品是评估药品价值的重要参考，是药品开展药物经济学研究和真实世界研究的关键要素，也是国际医保准入的通行做法。当前药品市场环境变化较快、竞争激烈，上市后尽快选择合适的参照药对药品特别是创新药找准市场定位、比较临床价值有重要意义。一般药物经济学研究和真实世界研究时，会选择临床应用最广泛的同治疗领域、同作用机制的医保目录内药品，或上市前临床试验中的对照组药品为参照药，以便使用更多可信数据和证据。
二、为什么要进行参照药预沟通？
目前，我国在医保药品目录调整时引入了选择参照药的做法，是测算药品医保支付标准的重要锚点。企业在申报进入医保药品目录时可以提出建议参照药及理由，评审专家结合企业提出的建议以及临床用药情况、同治疗领域药品市场竞争等情况确定参照药，为后续专家测算提供参考。从目录调整的具体实践来看，大部分参照药的选择专家意见与企业建议相同。但确有少数药品评审结果与企业建议不一致。因药物经济学等的研究需要时间，一般企业会按自己建议的参照药先行开展药物经济学评价，如果评审确定的参照药与企业的不同，可能会导致整个药物经济学报告没有可参考性，测算专家不得不采用其他路径来进行评估。因此，我们认为有必要单独设立参照药沟通环节，以便于专家在目录调整工作开始前就通过充分讨论提出建议的参照药，进一步提高参照药选择的科学性、公正性、规范性，稳定医药企业预期，也为企业开展药物经济学研究、真实世界研究等留有必要的时间，提供更多指导。
三、哪些药品可以申请参照药预沟通？
2025年6月30日，国家医保局会同国家卫生健康委出台《支持创新药高质量发展的若干措施》，明确提出加强创新药在药品目录准入方面的政策指导，进一步加强政企沟通交流。为体现对创新药的支持并考虑工作量等因素，参照药预沟通工作先从1类新药（按国家药监局药品新注册分类批准上市的1类化学药、1类治疗用生物制品、1类中成药）起步。考虑到审批时间因素，尚未获批上市但国家药监部门已受理上市申请且已通过技术评审的1类新药也可提前申请。
四、参照药预沟通的程序是什么？
参照药预沟通由国家医保局医药价格和招标采购指导中心具体组织。企业可以自愿向医药价格和招标采购指导中心提出参照药预沟通申请，医药价格和招标采购指导中心会同国家医保局医药服务管理司组织确认材料的真实性和完整性后即向企业作出是否受理的反馈。国家医保局医药价格和招标采购指导中心不定期组织专家论证，论证前一个月底前确定受理的药品，并向社会公示企业和药品名单。论证专家由临床、药学、药物经济学、医保管理等方面的专家组成。预沟通不设置专家和企业面对面交流环节，专家主要依据企业提供材料论证。论证结果反馈企业后，企业对论证结果有异议的，可在规定时间内提供更多证据，视情况组织二次论证。
此外，需要说明的是，医保部门在药品目录调整、医保综合价值评估、真实世界研究等工作中将优先考虑论证推荐的参照药和主规格，但由于是提前沟通，可能会出现市场环境、循证证据等变化，如因特殊情况不采用的，应当提出明确的理由或依据。对于没有参加预沟通的，如果企业申请纳入医保目录，专家评审阶段仍会讨论确定参照药和主规格。
链接：关于《参照药预沟通办法（试行）》（征求意见稿）公开征求意见的公告
中国医保，一生守护！维护医保基金安全，人人有责！打击欺诈骗保举报电话：010-89061396，010-89061397；邮箱：jubao@nhsa.gov.cn。"
《国家医保局 财政部关于做好职工基本医疗保险个人账户跨省共济工作的通知》政策解读,2026-01-09,https://www.nhsa.gov.cn/art/2026/1/9/art_105_19295.html,"党中央、国务院高度重视保障和改善民生，着力解决群众急难愁盼，持续提升改革效能。国家医保局坚决贯彻落实，持续完善医保领域政策，切实兜住兜牢民生底线。近期，针对职工基本医疗保险个人账户跨省共济工作，国家医保局会同财政部积极研究，印发了《国家医保局 财政部关于做好职工基本医疗保险个人账户跨省共济工作的通知》（医保发〔2025〕35号，以下简称《通知》），并在2025年全国医疗保障工作会议上专题部署。
一、为什么要出台《通知》？
《国务院办公厅关于建立健全职工基本医疗保险门诊共济保障机制的指导意见》（国办发〔2021〕14号）、《国务院办公厅关于健全基本医疗保险参保长效机制的指导意见》（国办发〔2024〕38号）中提出要健全职工医保个人账户的共济使用功能。前期，国家医保局指导各省开展职工基本医疗保险个人账户省内共济已彰显成效，5年来累计共济超7.8亿人次，金额超1000亿元。同时，指导试点省市探索开展跨省共济，337个统筹地区开通医保钱包并实现跨省共济。在总结前期经验的基础上，为解决群众跨省共济的需求，减轻群众医疗费用负担，进一步优化跨省共济政策，实现更大范围的共济，让群众更加高效、便捷地享受跨省共济的改革红利，国家医保局会同财政部印发了《通知》。
二、《通知》的主要内容是什么？
一是加强跨省共济关系的管理。明确跨省共济的适用对象范围为职工基本医疗保险参保人的近亲属。共济关系可由双方自愿建立或解除，参保人医保关系变动时该关系自动解除，且一人可与多人互建共济关系。
二是明确跨省共济资金的使用范围。共济资金可用于支付被共济人就医购药的个人负担费用、居民医保及长期护理保险个人缴费。在共济额度内，共济人不能再使用该额度的个人账户资金。关系解除后未使用额度返还共济人账户。
三是开展跨省共济资金清算的管理。个人账户跨省共济产生的费用按月全额清算，参照跨省异地就医清算流程，由国家统一清分、省市分级清算，可依托预付金保障清算时效，资金规模动态调整。
四是强调做好共济工作的要求。各级医保、财政部门需加强组织领导与协同监管，完善信息系统对接以实现业务、资金、信息流一体化，同时做好政策宣传解读，提升群众获得感。
三、《通知》对群众有哪些重大利好？
《通知》进一步优化了原本的个人账户共济政策，打破地域限制，强化家庭互助功能，将职工基本医疗保险个人账户共济范围从省内拓展至全国。通过共济的方式，职工医保个人账户里的钱不仅可以省内，还可以跨省给家人用，将“沉睡”的个人账户资金转化为“家庭健康金”，实现职工个人账户资金按规定支付近亲属在定点医疗机构就医发生的个人负担医疗费用，在定点零售药店购买符合规定的药品、医疗器械、医用耗材发生的个人负担费用，以及参加城乡居民基本医疗保险、长期护理保险的个人缴费。跨省共济将让亲情关怀即时触及可达，群众医疗费用负担有效减轻，基金使用效率得到提高，促进制度更加公平、更可持续。
链接：国家医保局 财政部关于做好职工基本医疗保险个人账户跨省共济工作的通知
中国医保，一生守护！维护医保基金安全，人人有责！打击欺诈骗保举报电话：010-89061396，010-89061397；邮箱：jubao@nhsa.gov.cn。"
告别看病缴费排长队的烦恼！国家医保局协同推进刷脸支付、一码支付、移动支付、信用支付,2026-01-08,https://www.nhsa.gov.cn/art/2026/1/8/art_105_19272.html,"为深入贯彻落实党的二十届四中全会精神，优化医保支付政策，国家医疗保障局办公室印发《关于大力推进刷脸支付、一码支付、移动支付、信用支付等便捷支付工作的通知》，聚焦群众看病就医缴费“多次排队”“排长队”等堵点痛点，构建覆盖门急诊、住院全场景的便捷支付体系，鼓励医疗机构、金融机构积极参与，共同打造合作共赢的医保支付服务新格局。
加快建立完善刷脸支付、一码支付、移动支付、信用支付等医保多元便捷支付体系，“四支付”相互融合、协同互补，满足不同人群就医缴费需求。刷脸支付，通过“刷脸”完成身份验证与缴费，无需携带实体卡或手机，尤其适合忘记带卡、不擅长操作智能手机的老年人等群体。一码支付，即一次扫码，同步完成医保报销、个人账户支付和个人负担（现金部分）缴费，支付流程集成化、极简化。移动支付，通过手机APP、小程序等，线上完成挂号、缴费、医保报销全流程，节省线下排队时间。信用支付，以参保人与银行的契约关系为前提，个人负担的医疗费用（现金部分）由银行在核定的授信额度内先支付给医疗机构，实现“医院看病，回家付钱”。
牢牢把握四个坚持。坚持以参保人为中心。以提升参保人就医缴费便利，减少排长队为目标，倡导多种便捷支付方式并存，满足不同人群的缴费需求。坚持服务提质与主动赋能。以提升医保服务效能为导向，强化医保基金结算质效，增强服务供给的主动性，引导医疗机构、金融机构等市场主体为构建高效、便民的医保服务生态发挥积极作用。坚持安全可持续。严格保护数据安全和个人隐私，完善配套风险防控措施，为便捷支付体系筑牢合法合规底线，构建市场化、法治化长效运行机制。坚持促进信用经济发展。尊重个人意愿、维护知情同意权，保障金融机构合理合法利益，满足参保人和医疗机构合理需求，支持信用经济发展，积极促成参保人、金融机构与医疗机构等市场主体参与。
努力实现“三减少三赋能”。减少环节，将挂号、检查、开药、入院、离院等多个分散缴费环节，优化为自动结算。减少排队，摆脱传统窗口等待时间，实现业务办理“零等待”。减少跑腿，患者可线上完成签约、授信，无需在就诊过程中多次往返缴费窗口。赋能医疗机构管理。助力医院提升财务管理效率，疏解窗口排队压力，改善就诊秩序，释放优质医疗资源。赋能金融产业发展。为金融机构开辟合规、精准的优质消费场景，推动面向个人的医疗消费信贷产品创新。助力金融服务深入民生领域，促进普惠金融发展。赋能信用体系建设。将信用场景从金融消费延伸至民生领域，为社会信用体系注入高质量、真实闭环的行为数据，填补征信在普惠领域的覆盖空白。
链接：国家医疗保障局办公室关于大力推进刷脸支付、一码支付、移动支付、信用支付等便捷支付工作的通知
中国医保，一生守护！维护医保基金安全，人人有责！打击欺诈骗保举报电话：010-89061396，010-89061397；邮箱：jubao@nhsa.gov.cn。"
国家医疗保障局关于印发《国家长期护理保险服务项目目录（试行）》的通知政策解读,2025-09-25,https://www.nhsa.gov.cn/art/2025/9/25/art_105_18022.html,"建立长期护理保险制度是党中央、国务院应对人口老龄化的重大决策部署。截至目前，长期护理保险制度覆盖1.9亿人，支出超过850亿元。为进一步保障长期护理保险待遇享受人员基本照护需求，健全长期护理保险服务管理机制，国家医保局印发了《关于印发〈国家长期护理保险服务项目目录（试行）〉的通知》（以下简称《通知》）。
一、《通知》出台的背景是什么？
推动建立长期护理保险制度，是党中央、国务院为应对人口老龄化、健全社会保障体系作出的重大决策部署。自2016年国家组织开展长期护理保险试点以来，49个试点地区在长期护理保险支付政策、保障范围等方面进行了有益探索。随着长期护理保险制度日益发展，地区间支付范围不统一、服务项目内涵不一致、服务管理质量水平参差不齐等问题凸显，亟需提高长期护理保险支付管理的统一性和规范性，促进长期护理保险服务均等化。
在总结试点经验的基础上，国家医保局探索健全长期护理保险管理运行机制，统一规范长期护理保险基金支付范围，为全面推进长期护理保险制度建设打牢坚实基础。建立国家统一的《长期护理保险服务项目目录》（以下简称《长护服务项目目录》），有助于规范长护服务行为，提升服务质量，稳定保障长期护理保险待遇享受人员权益，更好保障长期护理保险基金平稳运行。
二、制定《长护服务项目目录》的总体考虑是什么？
《长护服务项目目录》研究确定过程中，始终坚持以人民为中心的发展思想，聚焦解决重度失能人员长期护理基本服务需求，始终坚持尽力而为，量力而行，保障基本，综合考虑经济发展水平、基金筹资能力，合理确定目录范围。
总体考虑：一是坚持保障基本。统筹考虑不同地区经济发展水平和筹资能力，合理确定长护险基金支付范围，确保国家目录实施后，各地长期护理保险基金运行平稳安全，并逐步建立动态调整机制。二是坚持需求导向，充分考虑失能人员基本照护需求，项目范围以基本生活照料为主、兼顾与基本生活密切相关的医疗护理。各地要依据《长护服务项目目录》，结合长护待遇享受对象的实际需求，指导相关机构合理制定长期护理服务计划，精准提供适宜服务。三是坚持统筹衔接，在总结深化试点地区经验的基础上，统一规范服务项目名称、内涵等要素，与现行试点地区主要开展的长护服务项目做映射对照，同时兼顾试点地区实际，在保障长期照护服务质量的同时，为试点地区目录衔接过渡预留空间，加强对地方分类指导，明确新开展实施的地区要与国家版目录保持一致，确保目录实施后参保人员照护权益稳妥衔接。
三、《长护服务项目目录》的具体内容有哪些？
《长护服务项目目录》包括凡例和服务项目两部分。凡例是对《长护服务项目目录》的目录构成、目录编排、管理原则等内容的解释和说明；服务项目包括序号、项目代码、项目类别、项目名称、项目内涵、服务要点等。
目前《目录》明确的服务项目共有36项，按照生活照护类项目、医疗护理类项目分类管理。其中，生活照护类项目包括为长期护理保险待遇享受对象提供的日常生活照料及帮助维持其基本生活能力的服务，有20项（含饮食照护、排泄照护、清洁照护、穿脱衣物、功能维护、对症护理、生命体征监测、安全护理8个项目类别）；医疗护理类项目包括为长期护理保险待遇享受对象提供的与基本生活照料密切相关的基础医疗护理服务，有16项（含一般检查护理、基础护理、专项护理、康复4个项目类别）。
四、国家《长护服务项目目录》发布后，各地区可以制定或执行自有的长护服务项目目录吗？
《通知》明确，国家医保局组织制定、调整和发布国家《长护服务项目目录》，编制统一的项目代码，建立动态调整机制，定期组织目录调整发布。新开展长期护理保险工作的地区，要严格遵照《目录》执行，不得随意调整或变更服务范围。已建立本地区长护服务项目目录的试点城市，要做好原有目录与国家《目录》的对照映射，按国家政策要求利用3年左右时间逐步统一规范。
五、享受长护险待遇的重度失能人员，如因身体原因需接受医疗救治，应如何支付相关费用？
纳入《长护服务项目目录》的服务费用，按照规定由长期护理保险基金支付。长期护理保险待遇享受对象接受长期护理保险定点服务机构提供《长护服务项目目录》中涉及医疗护理项目的费用，应由长期护理保险基金支付的，基本医疗保险基金不予支付。参保人因就医需要转诊、转院入住医保定点医疗机构治疗的，相关医疗费用按规定由医保基金支付。
链接：国家医疗保障局关于印发《国家长期护理保险服务项目目录（试行）》的通知
中国医保，一生守护！维护医保基金安全，人人有责！打击欺诈骗保举报电话：010-89061396，010-89061397；邮箱：jubao@nhsa.gov.cn。"
更好适应临床实际 国家医保局印发消化系统和疝、甲乳类立项指南,2025-08-21,https://www.nhsa.gov.cn/art/2025/8/21/art_105_17656.html,"近日，国家医保局印发《消化系统医疗服务价格项目立项指南（试行）》与《疝、甲乳类医疗服务价格项目立项指南（试行）》，旨在促进医疗机构提高诊疗质量、提升计价收费规范性。
规范整合现行项目，推动标准化收费
食物从进入口腔到排出体外，每一个环节都依赖消化系统的健康运转，因消化系统包含器官众多、网络复杂，涉及的治疗技术也纷繁复杂。此次立项指南立足临床实践需求，通过多轮专家论证、广泛意见征集，践行了基于服务产出的科学立项逻辑框架。比如一些吞咽功能困难的患者需进行消化道压力测定，原本分散为肛门直肠测压、食管测压、24小时胃肠压力监测、奥迪氏括约肌压力测定、胃幽门十二指肠压力测定等，此次立项指南将其整合为“消化道压力测定费”，并统一计价单位为“项”，不同测压可按本项目收费，同时明确“同一入路同一时间操作仅计费一次”，既完整保留了消化道动力障碍性疾病诊断、治疗监测及客观评估的技术内涵，又实现标准化收费，显著提升了诊疗项目兼容性，为临床提供了更科学合理的计费解决方案。
力减计费争议，让收费更透明
国家癌症中心数据显示，我国消化道疾病发病率逐年攀升，胃癌、结直肠癌等消化道肿瘤位列癌症发病率前5位，相关疾病的规范治疗更加重要。淋巴结清扫是外科手术中常见的治疗手段，尤其在肿瘤或感染性疾病治疗时，这一操作有助于降低肿瘤复发风险、明确病理分期或改善患者预后。但是淋巴结清扫多与其他治疗同时进行，在以往收费中就出现一些争议。
此次立项指南将淋巴结清扫单独列出，并明确“恶性肿瘤扩大根治性切除”所指的联合多脏器切除，不含淋巴结清扫。以治疗结肠癌的“结肠部分切除费”为例，对于结肠癌肝转移患者，可收取结肠部分切除费+恶性肿瘤扩大根治性切除（加收）+腹部淋巴结清扫费，使得收费层次分明、权责清晰，为临床执行提供了明确指引。
区分手术难度，充分体现临床价值
疝‌是人体内器官或组织通过‌先天或后天形成的薄弱点、缺损或孔隙‌，常见的有腹股沟疝、脐疝、切口疝等。由于疝的位置、大小等因素，手术难度差异大，在收费上也有所区分。立项指南通过构建“常规-复杂”分类计价体系，科学对应手术难度层级，充分体现临床价值。比如在疝修补领域，将巨大疝（疝环＞12cm）、嵌顿坏死、合并腹水、复发疝、多发疝及边缘性腹壁疝等技术难度较大的情形纳入复杂疝修补费。再比如，甲状腺切除手术因个体差异，部分患者甲状腺位于胸骨后，手术视野受限，甚至需劈开胸骨进行手术，手术难度与风险激增，需明确区分常规与复杂计费标准。常规与复杂分类收费模式突破了传统单一定价局限，也给技术兼容预留了更多接口，实现临床技术进步与价格体系的动态适配。
中国医保，一生守护！维护医保基金安全，人人有责！打击欺诈骗保举报电话：010-89061396，010-89061397；邮箱：jubao@nhsa.gov.cn。"
身边物理学蕴藏医疗智慧 物理治疗类立项指南正式发布,2025-08-20,https://www.nhsa.gov.cn/art/2025/8/20/art_105_17649.html,"国家医疗保障局近日正式发布《物理治疗类医疗服务价格项目立项指南（试行）》，系统整合设立32项价格项目，全面覆盖康复、肿瘤、皮肤、口腔等多个学科中所涉及的物理治疗项目。
声、光、电、磁以及温度、机械运动这些身边常见的物理现象，不仅仅是中学课本上枯燥的知识，如果运用得当，它们也可以变得生动起来，成为重要的医疗手段。比如用光照驱动对光敏感的药物，使其发挥更佳的治疗效果；比如将高强度的超声波聚焦在肿瘤上，可以像无形的手术刀一样清除肿瘤细胞；比如低温不但可以直接摧毁肿瘤，还可使残余的肿瘤细胞凋亡。编制物理治疗类医疗服务价格项目立项指南，目的是为物理治疗类价格项目建立科学统一的价格体系，有力支持新物理技术的临床应用。
具体来说，一是回归本源。以光照射治疗为例，原有项目较为繁杂，有的按治疗目的立项，有的按光源不同立项，还有的按照射方式立项。本指南按照治疗原理整合为光敏、光动力、紫外线、可见光、红外线、激光等大类。二是产出导向。原则上产出相同、资源消耗相近的物理治疗技术合并为一个或一组价格项目，比如对病变或肿瘤进行消融治疗时可通过射频、微波、冷冻、激光、等离子等多种方法，整合为消融治疗费。三是贴近临床。结合临床实际，精准区分不同场景下的技术难度与风险，实事求是设置相应的价格项目，或者加收项、扩展项。如激光治疗，康复理疗科主要应用中低能量激光，用于改善代谢、消炎镇痛等。皮肤科、口腔科、眼科等学科主要应用中高能量激光，可以实现对赘生物的切除和浅表肿物照射治疗。指南按照应用场景把激光治疗分为激光治疗费（理疗）和激光治疗费（浅表照射）。四是赋能创新。立项指南编制关注物理治疗领域的创新技术，为符合条件的医疗技术统一明确了价格项目政策。如复合集成式冷热消融，可实现一针集成超低温冷冻与高温加热，多模态复合式摧毁病灶，在传统的单模态消融技术基础上，区别于各种消融技术的简单组合使用。
截至目前，国家医保局已经发布31批国家医疗服务价格项目立项指南，将持续指导各地加快落地实施，指导、引领和赋能，切实发挥好价格政策的作用，积极推动更多高水平、创新性的医疗技术加速进入临床应用，惠及广大患者。
中国医保，一生守护！维护医保基金安全，人人有责！打击欺诈骗保举报电话：010-89061396，010-89061397；邮箱：jubao@nhsa.gov.cn。"
《关于印发医疗保障按病种付费管理暂行办法的通知》政策解读,2025-08-15,https://www.nhsa.gov.cn/art/2025/8/15/art_105_17575.html,"党中央、国务院高度重视医保支付方式改革工作，党的二十届三中全会对深化医保支付方式改革再部署再强调。2025年政府工作报告进一步要求“深化医保支付方式改革，促进分级诊疗”。国家医保局持续推进以按病种付费为主的多元复合式医保支付方式改革，为不断完善政策设计，推进改革走深走实，近日国家医保局印发了《医疗保障按病种付费管理暂行办法》（以下简称《办法》）。
一、《办法》出台的背景是什么？
推进以按病种付费为主的支付方式改革对于促进医疗机构规范行为、主动控制成本，优化医疗资源配置，提高医保基金使用效能，维护参保人健康权益具有重要意义。近年来，国家医保局着力推进住院服务按病种付费，开展了按病组（DRG）和按病种分值（DIP）付费两项试点，经过六年时间，病种付费实现了从试点到扩面，从地方探索到国家统一，目前基本实现病种付费覆盖全部统筹地区，付费管理机制不断完善，在提升医保基金使用效率，促进医疗服务行为规范，减轻群众就医负担等方面发挥了积极作用。但改革过程中，地方医保部门和医疗机构也反映了一些问题，如病种分组动态调整预期不足，各地配套措施建设不平衡，地区间精细化管理的能力和水平差别较大等。面对新形势新要求，国家医保局坚持问题导向，进一步完善按病种付费政策设计，提升医保支付规范化水平，促进改革从扩面向提质增效转变，充分释放医保支付的引导性作用，国家医保局印发了《办法》，更好指导地方推进按病种付费改革工作。
二、《办法》的主要内容是什么？
《办法》落实《中共中央 国务院关于深化医疗保障制度改革的意见》要求，以按病种付费为重点全面推进医保支付方式改革，目的是建立全国统一、上下联动、内外协同、标准规范、管用高效的医保支付机制，赋能医疗机构高质量发展。《办法》的基本架构共八章三十九条，对按病种付费有关政策、关键技术、核心要素、配套措施等进行了明确，突出了三个方面的规范：一是规范总额预算管理，要求合理编制支出预算，在此基础上确定按病种付费总额，强调总额预算的刚性。二是规范分组方案制定和调整。明确分组方案的制定主体、分组框架、数据和意见支撑、调整内容等，原则上要求分组方案两年调整一次。三是规范核心要素和配套措施。厘清了权重、费率、支付标准等内涵，要求核心要素确定中医保部门要与医疗机构充分协商，达成一致。规范医保支付相关的配套措施，包括特例单议、预付金、意见收集、谈判协商和医保数据发布等，提高医保支付的科学水平。《办法》还明确将按病种付费相关要求纳入协议管理，加强改革成效监测评估，强化基金监管，完善医保信息平台建设等，提升按病种付费的标准化水平。
三、《办法》对病种分组方案的制定和调整作了哪些规定？
分组方案是按病种付费改革的重要技术支撑，关系医保支付的科学性和合理性，定点医疗机构非常关心，《办法》专章对病种分组方案的制定和调整相关程序进行了详细说明，以期稳定地方医保部门、医疗机构对分组优化的预期。一是明确国家医保局是分组方案制定和调整的主体。2019年启动按病种付费改革试点开始，国家医保局就制定了全国统一的病种付费技术规范，印发了国家版本的DRG分组方案和DIP病种库，要求DRG付费地区的核心分组要与国家版保持一致，DIP付费地区的病种分组规则与国家保持一致，目的就是实现全国层面技术标准统一规范，地区之间病种可比较可分析。同时，地方可对DRG细分组等进行本地化，也兼顾了地方实际。二是明确分组方案的基本框架。《办法》从政策层面对分组框架进行明确，其中DRG分组包括主要诊断大类、核心分组和细分组三个层次，DIP病种库包括了核心病种和综合病种，其中核心病种是主要付费单元，病例数在临界值以下的再次进行收敛形成综合病种，作为核心病种付费单元的补充。三是明确制定和调整分组方案的程序。客观发生的历史费用数据和医疗机构反映的意见建议是分组方案调整的重要支撑。国家医保局依托全国统一的医保信息平台采集数据，形成病种分组基础数据，同时建立意见收集反馈机制，常态化收集相关方对分组方案的意见建议，及时将有参考价值的吸收到新版分组中，使分组结果更加贴近临床实际。四是明确了调整内容和周期。DRG分组方案调整，在保持主要诊断大类相对稳定的基础上，重点调整核心分组和细分组。DIP病种库调整，重点包括核心病种和综合病种。原则上分组方案每两年调整一次。
四、《办法》对医疗机构落实按病种付费要求有哪些积极作用？
《办法》总体对医疗机构比较关心的按病种付费的相关政策进行了明确，有利于引导医保医疗相向而行。一是总额预算管理更加透明。遵循“以收定支、收支平衡、略有结余”的原则，在合理制定支出预算基础上，做好按病种付费总额管理，稳定医疗机构对总额指标的预期。二是技术标准优化更加明确。过去，医疗机构对医保部门如何制定分组、何时调整分组、调整什么内容预期不足，《办法》有针对性地回应了上述问题，尤其是两年调整一次的周期，既兼顾了分组方案一定时间内保持稳定，也提高了分组更新与临床技术发展之间的匹配关系。三是支付标准测算更加合理。要求动态调整核心要素，科学测算病种支付标准，将固定费率、浮动费率、弹性费率三种主要做法予以考虑。核心要素调整过程中，医保部门要与医疗机构加强沟通协商，达成一致。四是配套措施建设更加完善。《办法》对特例单议、预付金、意见收集反馈、谈判协商、医保数据工作组等主要配套机制进行了明确要求，尤其对医疗机构关心的特例单议机制独立成章，释放了医保支持医疗机构合理使用新药耗新技术、收治疑难危重患者的坚定决心。五是基金结算更加体现赋能。在落实预付金、即时结算等要求的同时，充分发挥病种结余留用资金激励作用，明确医疗机构通过规范服务获得的病种结余资金可作为业务性收入，进一步激发医疗机构适应改革的主动性和积极性。
五、《办法》对地方医保部门抓好工作落实有哪些要求？
《办法》着眼于当前医保支付方式改革面临的主要形势和问题，对按病种付费改革的相关政策和关键要素进行了梳理，既是对过去改革政策的“一揽子”优化，又是对未来改革发展的具体指引。地方医保部门要高度重视医保支付方式改革工作，坚定改革信心，优化改革路径，按照《办法》要求，完善政策，健全配套机制，做好改革成效监测和评价。同时，做好医保支付政策宣传解读，加强对医保部门、医疗机构关于按病种付费相关知识培训，将按病种付费技术培训作为年度工作纳入常态化管理，规范培训内容，创新培训形式，切实提高相关工作人员业务能力。鼓励定点医疗机构跟进支付方式改革的新形势、新要求，加强对医院管理者、临床医护人员等的医保支付政策培训，主动适应改革要求，形成改革合力，推进改革走深走实。
链接：国家医疗保障局关于印发《医疗保障按病种付费管理暂行办法》的通知
中国医保，一生守护！维护医保基金安全，人人有责！打击欺诈骗保举报电话：010-89061396，010-89061397；邮箱：jubao@nhsa.gov.cn。"
《关于公示通过2025年国家基本医疗保险、生育保险和工伤保险药品目录及商保创新药目录调整初步形式审查的药品及相关信息》解读,2025-08-12,https://www.nhsa.gov.cn/art/2025/8/12/art_105_17560.html,"根据2025年国家基本医疗保险、生育保险和工伤保险药品目录和商业健康保险创新药品目录（以下分别简称基本医保目录和商保创新药目录）调整有关工作安排，在相关部门的支持下，国家医保局近期对申报药品进行了初步形式审查，并对通过初审的药品名单和主要信息进行公示。现就有关工作情况解读如下：
一、初步形式审查的作用和意义
形式审查是对申报药品是否符合当年基本医保目录和商保创新药目录调整申报条件以及药品信息完整性进行的审核。根据《2025年国家基本医疗保险、生育保险和工伤保险药品目录及商业健康保险创新药品目录调整工作方案》，形式审查分为初审、初审结果公示、复审、复审结果公告四个步骤。本次公示的内容即为今年的初审结果。
通过对药品申报资料进行形式审查，一方面可以确保申报的药品符合申报条件，另一方面对申报资料的完整性、规范性进行审核，有利于后续评审、测算阶段相关信息的全面、真实、准确。同时，为确保目录调整公开透明，国家医保局对通过初审的药品名单和主要信息进行公示，本身也是主动接受监督的一种方式，我们欢迎社会各界帮助我们发现问题，提出宝贵意见和建议。
二、通过初步形式审查是否意味着已被纳入基本医保目录或商保创新药目录？
按照《基本医疗保险用药管理暂行办法》和《2025年国家基本医疗保险、生育保险和工伤保险药品目录及商业健康保险创新药品目录调整工作方案》，目录调整分为企业申报、形式审查、专家评审、谈判竞价/价格协商等环节，形式审查只是企业申报后目录调整所有程序中的第一步。一个药品通过初步形式审查，只代表初审符合相应申报条件，还需要通过公示接受社会监督，即使药品最终确定通过形式审查，也仅代表该药品具备了参与目录调整后续工作流程的资格，不代表其已经纳入了基本医保目录或商保创新药目录。
三、2025年企业申报和初步形式审查结果与去年相比有什么变化？
2025年7月11日至7月20日17时，国家医保局共收到基本医保目录申报信息718份，涉及药品通用名633个，经初步审核，534个通过形式审查。其中目录外申报信息472份，涉及药品通用名393个，通过初审的通用名310个，较2024年249个通过形式审查明显增加。
同时，今年目录调整中增设了商保创新药目录，与基本医保目录同步申报。国家医保局共收到商保创新药目录申报信息141份，涉及药品通用名141个，经初步审核，121个药品通用名通过形式审查。有些药品同时申报了基本医保目录和商保创新药目录，但因两者申报条件不完全一致，会出现基本医保目录和商保创新药目录形式审查结果不一致的情况。
四、如何看待一些目前市场价格较为昂贵等明显超出基本保障范围的药品通过了基本医保目录的形式审查？
自成立以来，国家医保局坚决贯彻党中央、国务院决策部署，始终牢牢把握基本医保“保基本”的功能定位，坚持尽力而为、量力而行，实事求是地确定保障范围；始终坚持稳健可持续，将医保基金和参保群众的承受能力作为基本医保目录调整工作的基础，通过准入谈判等方式大幅降低独家药品的价格；始终聚焦群众基本医疗需求和临床技术进步间的平衡，提升可及性，维护公平性。有一些价格较为昂贵明显超出基本医保保障范围的药品通过了基本医保目录初步形式审查，仅表示该药品符合申报条件，获得了进入下一个环节的资格。这类药品最终能否进入基本医保目录，还需要经严格评审程序，通过专家评审的独家药品谈判成功、非独家药品竞价成功才能最终纳入目录。
五、本次公示后将进行哪些工作？
下一步，我们将根据公示期间收到的反馈意见，对有关药品信息进行复核，确定最终通过形式审查的药品名单并向社会公布。同时，最终形式审查结果无论是否通过，均会通过2025年基本医保目录及商保创新药目录调整申报模块向申报企业反馈。后续，国家医保局将按照工作方案要求，抓紧推进专家评审、基本医保目录的谈判竞价及商保创新药目录的价格协商等工作。
感谢社会各界对医疗保障工作的关心和支持。
链接：关于公示通过2025年国家基本医疗保险、生育保险和工伤保险药品目录及商保创新药目录调整初步形式审查的药品及相关信息的公告
中国医保，一生守护！维护医保基金安全，人人有责！打击欺诈骗保举报电话：010-89061396，010-89061397；邮箱：jubao@nhsa.gov.cn。"
第十一批药品集采医疗机构报量政策问答,2025-08-07,https://www.nhsa.gov.cn/art/2025/8/7/art_105_17523.html,"1.问：本次集采报量可供选择的厂牌是如何确定的？
答：前期，药品联采办开展企业信息填报工作，已经提交相关药品信息资料的企业为本次医药机构报量的选择范围。这些厂牌的产品都是参比制剂或通过质量和疗效一致性评价的通用名药。
2.问：本次集采报量是否一定要选择厂牌？可以选择几个厂牌？选择报量的厂牌后续都要使用吗？
答：医疗机构可根据实际需求自主选择按品种报量或按厂牌报量，也可以部分需求量按品种报、部分需求量按厂牌报。如果选择按厂牌报量，不限制具体厂牌数量。但需要注意的是，若医疗机构有报量的厂牌中选，则该厂牌直接成为医疗机构的供应企业，需完成相应协议量；若医疗机构填报的厂牌没有中选，则该厂牌的报量会由所在省份的主供企业供应。医疗机构需注意和主管部门“一品两规”等药品配备的相关规定做好衔接，合理选择报量厂牌数量。
3.问：要求医疗机构报量达到历史采购量的80%，这个比例如何计算？
答：报量系统会自动将医疗机构填报的各品规需求量按有效含量折算成最小规格的量，相加得到该品种的报量，同理将同一品种所有品规（包括过评和未过评）的历史采购量按有效含量折算成最小规格的量，相加得到该品种的历史采购量，进而计算报量是否达到历史采购量的80%。例如，某药品口服常释剂型包括10mg、20mg规格的片剂和10mg、20mg规格的胶囊剂，假设某医疗机构历史采购量为10mg规格片剂1000片、20mg规格片剂1000片，10mg规格胶囊1000粒，按照有效含量折算，1片20mg规格可折算为2片10mg规格，那么历史采购量总数折算为10mg规格片剂4000片。假设该医疗机构填报10mg规格片剂2000片、20mg规格片剂800片，折算后总数相当于10mg规格片剂3600片，超过历史量4000片的80%，报量符合要求。
4.问：如果医疗机构报量难以达到近两年平均采购量的80%，怎么处理？
答:如果存在特殊情况，比如本次集采个别品种为限适应症报量，或者医疗机构以往历史量存在临时性采购等因素，允许医疗机构在近两年平均采购量80%的基础上适当减少报量，并同步提交相关说明。提交后请医疗机构关注审核结果，如未审核通过，请及时联系统筹地区医保部门处理。
5.问：未过评规格、基本药物规格如何报量？
答：每个品种可报量的规格均为通过质量和疗效一致性评价的规格，对于未过评规格的需求量，一般情况下，由医疗机构按含量折算计入过评规格的需求量。如某未过评的规格为基本药物规格（已在报量系统中标注），医疗机构可按临床实际使用情况，自行确定折算比例，如因该原因影响报量总数未达到80%，可在说明中指出因部分未过评规格为基本药物规格，该规格有部分采购量未折算。对于过评的基本药物规格，医疗机构正常报量即可，在中选结果落地执行中，如医疗机构签约的中选企业不能供应该规格，医疗机构可选择其他能够供应该规格的中选企业供应，不会要求用其他规格强制替代基本药物规格。
6.问：针对儿童适宜品规，本次集采有哪些特殊考虑？
答：本次集采中有部分品种存在儿童和成人共用品规。如存在儿童适宜品规未过一致性评价，医疗机构认为无法折算给其他品规，应在报量中说明。如果儿童适宜品规已过一致性评价，则正常报量即可。此外，本次集采将研究对儿童适宜小规格药品适当调整价格折算规则，更好鼓励企业供应儿童适宜规格。
7.问：第十一批集采55个品种中，有2个品种是6家企业出现在报量名单。而此前发布公告说的是达到7家才集采，怎么理解？这2个品种后续是否会纳入集采范围？
答：本次集采以参比制剂、通过一致性评价的通用名药品企业数合计达到7家作为纳入集采范围的“门槛”，这里“7家”指的是药品上市许可持有人符合上述条件的数量，不是报名参加集采的数量。目前，遴选工作已经完成，具体品种已经公开发布，是否纳入第十一批集采是已经确定的事项，不再因企业报名情况而改变，实际投标企业数量最终少于7家的，集采仍会正常进行，按规则竞争产生中选结果。而当前“报量清单”中的企业数量，是指截至目前已提交资料并通过审核的企业数量，医疗机构准备按厂牌报量的，就可以选择出现在名单中的企业。需要说明的是，有的企业没有提交资料也没有进入报量名单，如果后续有意愿参加集采，那么按规则也是允许的，只是错过了医疗机构按厂牌报量的窗口期，享受不到专属于该厂牌的报量。
8.问：在集采中选结果落地执行过程中，协议量有何要求？如果医疗机构已完成协议采购量，还需要继续采购中选产品吗？
答:首先，按照集采政策，医疗机构应优先使用中选药品，同时，“优先使用”不等于“只使用”，集采协议量一般为医疗机构报量的60%-80%，剩余用量由医疗机构自主选择采购中选或非中选药品。第二，从前几批集采执行情况看，医疗机构使用中选产品的比例较高，总体上超过80%，很多医疗机构在完成协议量后依旧会使用中选药品，这也说明了集采中选药品受到广大医疗机构的认可，欢迎医疗机构继续支持并使用集采中选药品。第三，对于一些特殊情况，集采也有优化措施，避免“一刀切”。例如对国家或省级重点监控药品、因公共卫生事件或临床指南药物推荐级别变化等因素导致需求重大变化的药品，如未完成协议量，中选药品使用比例达到所在地区要求即可，尊重临床实际用药情况。
9.问：医保定点民营医疗机构、医保定点零售药店是否可以参加集采报量？
答：鼓励医保定点民营医疗机构、零售药店参加集采报量，共享集采改革成果。民营医疗机构和零售药店参加集采，一方面，可以方便群众就近买到质优价宜的中选药品，另一方面，能够为民营医疗机构和零售药店提供新的采购渠道，是实现多方共赢的选择。为鼓励民营医院和药店积极参加集采，各地医保部门采取一定激励措施。例如，对于配备集采药品达到一定数量、按要求扫描追溯码等的零售药店或民营医院，授予“集采便民药店/医院”标识牌；在定点药店比价小程序上标明药店是否参与集采，方便群众选择购药等。
10.问：新用户想报量，没有账号怎么办？老用户忘记账号和密码怎么办？
答：医疗机构可根据所在省份的报量工作流程向统筹地区医保部门申请办理新增账号、查询账号和重置密码。
链接：第十一批国家组织药品集采报量正式启动
中国医保，一生守护！维护医保基金安全，人人有责！打击欺诈骗保举报电话：010-89061396，010-89061397；邮箱：jubao@nhsa.gov.cn。"
规范医用成像设备编码 赋能医保精细化管理——国家医保局就相关标准公开征询社会意见,2025-06-26,https://www.nhsa.gov.cn/art/2025/6/26/art_105_17010.html,"近日，我局发布了《医保医用设备（成像类）编码规则和方法》《医保医用设备（成像类）分类与代码数据库基本数据集》（征求意见稿），对成像类医用设备的医保代码编码规则及代码数据库的基本数据集进行了规范，向社会公众公开征求意见。
成像类医用设备是指在患者进行医疗影像检查时能够通过物理或化学手段生成人体内部结构或功能图像的医用设备，在疾病预防、诊断治疗和功能改善等方面发挥着重要作用。今年3月，为探索建立全国医保影像云共享路径，我局发布了“医保影像云索引”，用于标识患者影像检查生成的唯一影像文件，便于跨机构信息共享与管理。在“医保影像云索引”中，成像设备代码是重要组成部分，用以标识生成影像文件的检查设备，但由于当时设备编码体系尚未完善，代码暂以“0”代替。近期，为推进“医保影像云索引”的后续应用计划，国家医保局积极组织力量，加快开展医用设备编码标准的研究工作，形成了《医保医用设备（成像类）编码规则和方法》和《医保医用设备（成像类）分类与代码数据库基本数据集》的征求意见稿，以填补设备编码的空白，为医保影像云平台的全面应用提供标准化支撑。
医保医用设备（成像类）代码拟分为3个部分共13位，第1部分是医用设备标识码，用2位大写英文字母“CS”表示。第2部分为分类码，用6位阿拉伯数字表示。其中，前2位表示功能类别（参考药监局《医疗器械分类目录》，以06表示医用成像设备），中间2位表示技术原理，后2位表示用途、品名。第3部分为医用设备企业码，由5位数字表示，为依据医疗器械注册证或备案凭证为企业赋予的唯一流水码。
医保医用设备（成像类）分类与代码数据库基本数据集主要分为基本信息、企业信息、经销关系、注册参数、产品信息5项数据子集，均包含数据元名称、数据元说明、数据类型、表示格式、允许值等内容要素。其中，基本信息数据子集包含11个数据元，涵盖设备基础属性；企业信息数据子集包含27个数据元，涉及设备生产商资质等信息；经销关系数据子集包含14个数据元，记录设备产品流通信息；注册信息数据子集包含28个数据元，涉及设备注册情况，产品信息数据子集包含14个数据元，主要为产品市场状态信息。基本数据集是今后建设医保医用设备的重要基础，通过对未来数据库内各类数据的名称、定义、格式等要素作出统一规范，有效保证数据质量。
医保医用设备（成像类）编码规则和方法及分类与代码数据库基本数据集的研制，是推动我国医保精细化管理、促进医疗数据互联互通的重要措施。通过建立统一的编码体系，不仅能进一步完善“医保影像云索引”，助力跨机构影像数据共享，提高诊疗效率，还能为医保支付、设备监管、资源配置提供标准化支撑，促进医疗成本降低，保障患者权益。
国家医保局秉持开放、透明的原则，现向社会公开征求意见，诚挚邀请医疗机构、相关企业、专家学者及广大公众积极参与，提出宝贵建议，共同完善医用设备编码体系，推动医保信息化建设迈向更高水平。
链接：关于《医保医用设备（成像类）编码规则和方法》《医保医用设备（成像类）分类与代码数据库基本数据集》公开征求意见的公告
中国医保，一生守护！维护医保基金安全，人人有责！打击欺诈骗保举报电话：010-89061396，010-89061397；邮箱：jubao@nhsa.gov.cn。"
《关于进一步加强医疗保障定点医疗机构管理的通知》政策解读,2025-06-24,https://www.nhsa.gov.cn/art/2025/6/24/art_105_16990.html,"近日，国家医保局印发了《关于进一步加强医疗保障定点医疗机构管理的通知》（以下简称《通知》），现对有关内容解读如下。
一、《通知》出台背景
《医疗机构医疗保障定点管理暂行办法》（国家医保局令第2号，以下简称“2号令”）实施以来，各地认真贯彻落实政策要求，加强和规范定点管理，为赋能医疗机构发展、提高医保基金使用效率、更好保障广大参保人员权益发挥了积极作用。但同时也存在医保定点资源配置不均衡、管理能力和手段相对滞后、协议管理不够规范等问题。特别是近些年医保基金监管工作中发现，部分医保定点医疗机构虚假诊疗服务、伪造医学文书等行为高发频发，严重影响医保基金安全，损害参保人员合法权益，引起社会广泛关注。为进一步加强管理，结合当前新形势、新要求，我们起草了《通知》。
二、《通知》主要内容
《通知》聚焦纳入定点、协议管理、退出等关键环节，严把入口关、规范过程管理、强化退出机制，从三个方面明确工作举措。
一是严把入口管理。包括合理确定定点医疗机构资源配置，对各统筹地区医保部门如何综合多种因素确定本地定点医疗机构资源配置及动态调整提出明确要求；细化定点医疗机构申报条件，包括按规定使用药品耗材追溯码，严禁医务、医技人员“挂证”行医，影像结果上传调阅等；规范执行医药服务价格政策，明确了非公立医疗机构申请纳入医保定点的，执行医疗服务项目和价格的具体要求；新纳入定点医疗机构设立6个月政策辅导期，对政策辅导期内医保部门需要开展的工作以及政策辅导期内出现违规问题的处理方式提出具体要求。
二是加强日常管理。包括强化协议履约管理，明确费用审核、落实预付金政策要求等；加强医保支付管理，对医疗机构配合医保部门推进支付方式改革以及禁止转嫁费用等提出具体要求；推动药品和耗材平台采购，对“无码不采”“无码不付”提出要求；规范医保药品外配处方管理，对定点医疗机构落实处方外配管理、应用医保电子处方中心等提出要求；落实医保支付资格管理要求，对定点医疗机构做好相关人员信息维护和动态更新并对相关人员采取“驾照式”记分等提出要求；做好重点人群住院管理，对落实困难群众就医单独定点，加强对精神疾病、医疗康复病人以及医疗救助对象等特殊群体异常住院行为的监测等提出具体要求。
三是严格监管和退出机制。在《医疗保障基金使用监督管理条例》（国务院令第735号）和“2号令”规定的解除协议情形的基础上，对部分情形进行了细化和延伸，总体符合当前基金监管新形势，有其必要性。此外，明确了持续强化基金监管，推动行行、行刑、行纪衔接的要求。  
链接：国家医疗保障局关于进一步加强医疗保障定点医疗机构管理的通知
中国医保，一生守护！维护医保基金安全，人人有责！打击欺诈骗保举报电话：010-89061396，010-89061397；邮箱：jubao@nhsa.gov.cn。"
国家医保局有关部门负责同志就价格招采信用评价制度修订情况答记者问,2025-06-05,https://www.nhsa.gov.cn/art/2025/6/5/art_105_16739.html,"近期，国家医疗保障局印发了《关于进一步完善医药价格和招采信用评价制度的通知》，对价格招采信用评价制度进行修订，近日，国家医保局有关部门负责同志接受了记者采访。
问题一：为什么要修订价格招采信用评价制度？
答：2020年8月，国家医保局印发《关于建立医药价格和招采信用评价制度的指导意见》，指导各省以医药集中采购机构为主体，全面建立并实施医药价格和招采信用评价制度，根据法院判决或行政处罚认定的药品带金销售和围标串标等案件事实，开展信用评级、分级处置、信用修复等工作，促使企业遵循公平、合法和诚实信用的原则开展经营活动。截至2024年底，评定失信企业735家，其中“特别严重”失信企业7家、“严重”失信企业40家、“中等”失信企业76家、“一般”失信企业612家。一些失信企业在信用评价制度下，根据失信程度不同受到相应程度的失信处置，很多企业通过合理降低虚高价格等措施进行了信用修复、纠正失信行为。这一制度的实施，对于遏制医药购销领域的商业贿赂、带金销售等行为，在营造公平规范、风清气正的医药采购环境等方面发挥了积极作用。同时，随着信用评价实践的不断发展，失信行为的来源拓展，有关各方对增强制度的精准度、约束性和执行力的需求越来越高，为引导企业诚信合规经营，进一步促进医药集中采购市场的健康发展，有必要对这一制度进行优化和完善。
问题二：本次修订主要有哪些内容？
答：此次修订在坚持原有制度框架的基础上，主要是对于评价的档次、依据等做了调整：一是在原有法院判决案例和相关执法行政部门处罚决定的基础上增加了审计报告、审计信息、审计移送处理书等案源信息。二是将“一般”“中等”“严重”“特别严重”四档失信等级调整为“失信”“严重失信”“特别严重失信”三档，并相应从严调整了评价标准。三是精准加大惩戒力度。对失信行为涉及向医疗保障部门（含医药集中采购机构）工作人员行贿的，或在国家组织集中带量采购中围标串标的企业，一律按“特别严重”顶格处置。对“特别严重失信”生产企业，在中止其全部产品在评价省份的挂网、投标资格的同时，中止其涉案产品在所有省份的挂网、投标资格。加大向生产企业穿透力度，评价处置原则上穿透至上市许可持有人。四是完善相关程序。进一步完善失信行为的纠正措施，鼓励企业通过降价纠正，不再保留慈善公益捐赠的方式。
问题三：本次修订会对企业带来哪些影响？
答：本次制度的修订是为了更好地破除商业贿赂、带金销售等不正当交易行为，敦促医药企业诚信参与市场经营，优化资源配置，对净化行业生态有着十分重要的作用。另一方面是为了更加严格约束不诚信经营的企业，从严从紧处置，提高医药企业的失信成本，引导医药企业改进质量、提高疗效，合规销售、更多通过集采、国谈等方式进入市场，减少对“高定价、高返点、轻质量”的路径依赖，光明正大地挣钱。制度的设计是为了寓防于评，我们修订制度的原则是宽严相济，而不是一味地追求对企业进行惩戒，我们在制度中设计了主动纠正失信行为的措施，就是给企业提供了改正错误的机会，让更多的医药企业诚信经营。同时，也让合法合规经营的企业坚定发展信心，感受公平正义环境，共同走出通过不当经销等手段“内卷”的发展模式，净化医药集中采购市场环境。
问题四：新旧《裁量基准》如何衔接？
答：各地在报送2025年第三季度评价结果时按照《医药价格和招采信用评价的操作规范（2025版）》开展信用评价，在此之前的仍按照《医药价格和招采信用评价的操作规范（2020版）》开展信用评价。
问题五：关于信用评价制度，下一步还将推进哪些工作？
答：中共中央、国务院印发的《关于深化医疗保障制度改革的意见》已将建立医药价格和招采信用评价制度纳入新时期我国深化医疗保障工作的重要任务。下一步，按照国家医保局的统一部署，医药价格和招标采购指导中心将认真抓好制度落实：一是强化各省主体责任，指导各省级医保部门和集中采购机构加强协作、共同发力，提升工作质量，精准执行修订后的评价处置要求，依法依规用好信用评价制度，用新的思维担负起医药产品价格管理职责；二是加大穿透力度，督促各省级医药集中采购机构充分用好案源信息，加大工作力度，加强与法院、审计等部门的联动，信用评价强化向生产企业追溯、向上市生产许可持有人追溯，引导医药企业合理制定药品耗材价格；三是引导企业主动纠正失信行为，通过积极引导，为企业畅通政策咨询、申诉、纠正失信行为的渠道，让企业主动认识到价格失信行为的危害，穿透通过注册“马甲”企业、代理企业进行违法违规操作的“防火墙”，共同营造风清气正的医药集中采购市场。
问题六：本次修订标准更严、处置措施更严，企业如果被评为“特别严重失信”有无机会改正？
答：本次制度的修订，标准更严、措施更严，企业一旦被评为“特别严重失信”后处置力度也更大。例如，对围标串标等主观恶意强、社会影响大的行为，发挥更多阻遏作用。但价格招采信用评价制度始终坚持惩前毖后、治病救人的原则，并不是要一棒子把失信企业打死，而是要引导正处于不当路径依赖中的企业主动纠正失信行为，将药品耗材价格主动降至合理水平，开正门，走正道。我们为医药企业制定了主动纠正失信行为的措施，如终止失信行为、依法处置涉案员工和代理企业、公开发布致歉声明、提交合规整改报告、剔除价格虚高空间、退回不合理收益、有效指证失信行为的实际控制主体等。在正式评价处置前20个工作日，医药集中采购机构书面预通知相关医药企业，告知信用评价的结果和依据，便于企业核对更正信息、提出申辩意见、采取纠正措施。同时我们已经明确，医药企业在预评价通知时，立即采取措施、主动纠正失信行为并消除不良影响的，省级集中采购机构可不予正式评价。正式评价后，企业依然可以采取相应措施主动纠正失信行为。总之，我们在各阶段都为医药企业提供了纠正失信行为的措施，失信企业有充分的机会进行改正。
链接：国家医疗保障局办公室关于进一步完善医药价格和招采信用评价制度的通知
中国医保，一生守护！维护医保基金安全，人人有责！打击欺诈骗保举报电话：010-89061396，010-89061397；邮箱：jubao@nhsa.gov.cn。"
国家医保局基金监管司有关负责人就公开发布第一批医保基金智能监管规则和知识点工作答记者问,2025-05-23,https://www.nhsa.gov.cn/art/2025/5/23/art_105_16626.html,"国家医保局向社会公开发布第一批医保基金智能监管规则和知识点。近日，基金监管司有关负责人就相关工作情况回答了记者提问。
一、公开发布智能监管规则和知识点有何重要意义？主要基于哪些考虑？
近年来，我们积极推进大数据和智能监管手段在基金监管工作中的应用。在飞行检查、打击欺诈骗保等医保基金监管工作中，大数据筛查和智能监管发挥了重要作用，提供了有力的支撑。可以说，经过近年的探索和努力，智能监管已经成为医保基金监管的重要方式，通过大数据和智能监管手段，不断提升监管效率，提升监管的精准度。我们考虑，要将智能监管这一有效手段从事后的检查、数据筛查，向事前提醒、事中审核进行延伸，实现监管关口前移，从源头上减少违法违规使用医保基金问题的发生。
近期，我们印发了《关于开展智能监管改革试点的通知》（医保办函〔2025〕40号），进一步推进监管改革试点，重点任务是坚持事前、事中、事后相结合，加快推进医保基金智能监管子系统的建设应用，尤其是要把事前提醒模块建设应用好，帮助定点医药机构和医务人员规范涉及医保基金使用的医药服务行为，规范医保基金使用行为。
在开展智能监管事前提醒工作过程中，我们坚持实事求是，“两条腿走路”。一方面，依托医保信息平台建设事前提醒模块，允许所有定点医药机构免费接入、调用。另一方面，对于业务规模大、复杂程度高、信息技术实力强的大型医疗机构，我们通过智能监管的规则库、知识库（以下简称“两库”）的开放和共享，允许其直接将“两库”本地化部署、嵌入到HIS系统中，进一步提高事前提醒的效率和准确性。
“两库”是智能监管的工作核心。我们希望通过公布公开智能监管“两库”的规则和知识点，进一步帮助定点医药机构通过智能化的技术手段主动合规、持续合规，从而实现监管关口前移，从源头上减少违法违规使用医保基金行为发生，筑牢安全规范使用医保基金“第一道防线”。
二、“两库”公开和事前提醒是如何帮助定点医药机构主动合规的？
不少定点医药机构和医务人员反映，医保政策较为复杂，难以全部准确掌握。因此，我们把一些医保政策中明确的规则和要求，把一些实践中定点医药机构容易出现的问题，内置到智能监管子系统的事前提醒模块，这样在医务人员开处方的时候，一旦系统发现违规行为就会发出提示，把问题解决在萌芽阶段，在向经办机构传送结算单据前也可以进行预审和自查。
比如在就诊环节的事前提醒，重点是落实实名制就医购药、规范诊疗行为、规范计费收费、预警超量开药等。通过身份识别，严格执行实名就医购药制度，确保人证相符。对医务人员违反政策限定和不合理检查、诊疗、用药行为实时提醒，引导医务人员自觉遵守临床诊疗规范和医保管理政策，依法合规、合理规范开展医疗服务和计费收费。在向医保部门申请审核医保费用环节，可以调用规则对医保基金结算单据进行预审、自查，减少错误申报和不合规费用的申报。
同时，定点医药机构还可以利用公开的智能监管规则和知识点开展自查自纠，对已完成医保结算的费用进行自主筛查，发现违规问题后及时进行整改。
三、为确保智能监管规则和知识点科学精准、尊重医学规律、尊重临床实践采取了哪些措施？
我们在制定发布智能监管规则和知识点的过程中，充分尊重医学规律、尊重临床实践。本次公开发布前，我们广泛征求了200余家医疗机构的意见。征求意见对象由各省级医保局推荐，每个省份不少于5家，以本地区影响力较大的知名医疗机构为主，适当兼顾社会办、中小医疗机构，共计200余家。征求意见对象具有广泛性、权威性、代表性。对于定点医药机构基于临床应用实际提出的意见建议，我们逐条组织论证、充分考虑，对合理化意见建议做到了能采尽采、应纳尽纳。
比如，对于“药品区分性别使用”对应的知识点，部分定点医疗机构认为，部分药品虽然在说明书中标注性别限制，但临床上参考《超说明书用药专家共识》，存在跨性别使用的情况，涉及药品38种。如盐酸坦索罗辛缓释胶囊说明书“用于前列腺增生症引起的排尿障碍”，一般应限定男性使用。部分医院反馈意见认为，临床科室泌尿外科部分女性患者用此药品改善症状，促排石。我们采纳了相关药品跨性别使用具有合理性的建议，暂不将以上药品纳入“药品区分性别使用限定”的知识点，在监管工作中结合实际情况判定用药的合理性。
经过广泛征求意见，公布的第一批智能监管“两库”包括药品区分性别使用、医疗服务项目区分性别使用、药品儿童专用、药品限儿童使用、医疗服务项目儿童专用等5类规则1万多条知识点明细。在这些规则及知识点的应用过程中，我们也会持续进行跟踪、评估和完善，不断提升“两库”的科学性和准确性。
四、下一步如何推动“两库”规则和知识点的落地应用？
对于公开发布的“两库”规则和知识点，我们要求各省级医保部门及时根据最新知识点明细及代码对省级医保信息平台智能监管子系统“两库”进行动态更新。鼓励定点医药机构将智能监管“两库”置于本机构智能提醒等信息化系统中，或对接医保部门智能监管系统事前提醒功能模块，将不合规的行为消除在“萌芽”阶段。
下一步，我们将按照工作计划分批次推进“两库”规则和知识点的征求意见和公开发布工作，为定点医药机构自觉规范医药服务行为提供基础。同时，积极稳妥开展智能监管改革试点，指导参加试点的各统筹地区、医疗机构做好智能监管特别是事前提醒工作，注意收集提炼试典型经验和做法，及时进行总结推广。持续跟进“两库”规则和知识点在省级医保信息平台和定点医药机构落地应用情况，不断完善“两库”规则和知识点，不断优化智能监管子系统的功能，持续赋能医保部门、赋能定点医药机构，共同守护医保基金安全。
链接：国家医保局关于公开发布第一批智能监管“两库”规则和知识点的公告
中国医保，一生守护！维护医保基金安全，人人有责！打击欺诈骗保举报电话：010-89061396，010-89061397；邮箱：jubao@nhsa.gov.cn。"
《关于做好当前长期照护师培养培训工作的通知》政策解读,2025-04-24,https://www.nhsa.gov.cn/art/2025/4/24/art_105_16354.html,"党中央、国务院高度重视长期护理保险制度建设，党的二十大作出“建立长期护理保险制度”的决策部署，党的二十届三中全会明确“加快建立长期护理保险制度”，2025年政府工作报告进一步要求“加快建立长期护理保险制度”。推进长期照护师职业建设，促进长期护理服务体系高质量发展是加快长期护理保险制度建设的重要支撑，也是提高长期护理服务质量、保障长期护理保险基金安全运行的必要举措。近日，国家医保局会同教育部等6部门联合印发《关于做好当前长期照护师培养培训工作的通知》（以下简称《通知》）。
一、《通知》出台的背景是什么？
加快推进长期照护专业化、职业化发展，有助于培养专业化高素质人才队伍，为提升长期护理服务质量提供有力支撑，保障长期护理保险享受待遇群众的权益和长期护理保险基金平稳运行。在试点过程中，各地积极探索照护人员专业化发展道路，但仍存在服务力量薄弱、专业化素质不高、职业吸引力不足、服务水平有待提升等问题，专业化、高素质的长期护理服务供给不足已成为长期护理保险制度发展的重要制约。
为加强长期护理服务人才队伍建设，2022年国家明确在健康照护师职业下增设长期照护师工种；随后国家医保局会同人力资源社会保障部先后发布了《健康照护师（长期照护师）国家职业标准》《健康照护师（长期照护师）国家基本职业培训包》，出台了《关于推进长期照护师职业技能等级认定的实施意见》。我们把握全面建制契机，积极争取相关部门的支持，会同教育部等6部门联合印发《通知》，积极推进长期照护专业化、职业化发展，切实提升参保群众的获得感。
二、《通知》的主要内容是什么？
《通知》针对当前专业化长期护理服务供给不足、质量参差不齐的情况，坚持培训与就业供需衔接和动态平衡，强调严格规范培训和职业技能等级认定，注重落实各项激励和支持政策，对长期照护师培养培训工作作出安排。主要内容有：
一是明确培训对象和培训内容。按照国家职业标准要求，明确长期照护师培养对象范围、培训内容和培训基本流程。二是严格规范培训管理。从严从紧管理培训机构、规范培训方式和提升培训质量，按照统筹规划、合理布局、严格条件、择优遴选、动态调整的原则确定培训机构数量及分布。三是规范职业技能等级认定。进一步明确等级认定程序，加强评价认定工作的监督管理；规范考试题库开发应用。四是加强技能人才培训支持。支持普通本科加强长期照护师相关人才培养，鼓励职业院校设置相关专业；加强培训机构、职业院校与用人单位合作、岗位对接；促进职业技能等级认定与培养使用待遇衔接。五是从加强组织领导、补贴激励、宣传引导等方面对各地抓好工作落实提出要求，明确各部门职责分工。
三、培训对象有哪些？
《通知》明确，凡中华人民共和国境内年满十六周岁的劳动者，身心健康且具备长期照护职业能力条件的，均可自愿报名参加长期照护师培训。鼓励职业院校（含技工院校）本专业或相关专业毕业学生（含在读应届毕业生）及身体健康的退休人员参加培训。支持有意愿从事长期照护工作的农村转移劳动力、城镇登记失业人员等自愿参加培训。
四、培训机构有哪些？
各统筹地区医保部门应积极协商同级人力资源社会保障部门，合理确定长期照护师培训机构数量及分布，做好培训机构的遴选和推荐工作，由人力资源社会保障部门按程序纳入培训机构目录。各地要对符合条件的培训机构实行清单目录管理，向社会公开发布并动态调整。鼓励具备一定条件的院校、企业、社会团体、职业培训机构、公共实训基地、大中型规模的长期护理保险护理服务机构（以下简称“长护服务机构”）等社会力量积极开展培训。
五、如何开展职业技能等级认定？
长期照护师职业技能等级认定由符合条件的职业技能等级认定机构按程序组织实施。职业技能等级认定须使用统一开发的长期照护师职业技能等级认定国家题库。对理论知识考试和操作技能考核合格人员，由组织考试的职业技能等级认定机构按程序颁发相应等级证书。
六、对长期照护师的培养培训有哪些支持政策？
长期照护师培训已纳入“技能照亮前程”培训行动，各地特别是已经建立长期护理保险制度的地区，要根据本区域长期照护师就业用工需求情况，结合实际将其纳入人才需求目录、职业培训需求指导目录，列入急需紧缺职业技能培训项目、重点产业职业资格评价和职业技能等级认定目录。按照就业补助资金管理规定用好用足职业培训补贴、职业技能评价补贴等各项政策。对符合条件的长期照护师和长护服务机构按规定落实好就业扶持政策。各地要指导定点长护服务机构将职业技能等级作为技能人才工资分配的重要参考。
链接：国家医保局 教育部 民政部 财政部 人力资源社会保障部 农业农村部 商务部关于做好当前长期照护师培养培训工作的通知
中国医保，一生守护！维护医保基金安全，人人有责！打击欺诈骗保举报电话：010-89061396，010-89061397；邮箱：jubao@nhsa.gov.cn。"
《国家医保局办公室 财政部办公厅关于有序推进省内异地就医住院费用纳入按病种付费管理的通知》政策解读,2025-01-27,https://www.nhsa.gov.cn/art/2025/1/27/art_105_15586.html,"近日，国家医保局会同财政部印发了《国家医保局办公室 财政部办公厅关于有序推进省内异地就医住院费用纳入按病种付费管理的通知》（医保办函〔2025〕3号，以下简称《通知》）。现对有关内容解读如下。
一、《通知》出台背景
为贯彻落实党的二十大和二十届二中、三中全会精神，国家医保局持续推进跨省异地就医直接结算改革。随着全国统一大市场的形成，人口流动日益频繁，异地就医结算规模持续增加。与此同时，医保支付方式改革三年行动计划落地实施，全国已基本实现统筹地区内住院费用按病种付费。随着改革的深入，将异地就医住院费用纳入按病种付费，是实现就医地将异地人员纳入本地同质化管理的必然要求。为此，国家医保局与财政部积极研究，决定在全国范围内有序推进省内异地就医住院费用纳入按病种付费管理。
二、工作目标
深化医保支付方式改革，规范异地就医医疗服务行为，促进合理诊疗、因病施治，推动建立统一规范、内外协同、统筹平衡、安全高效的异地就医医保支付机制。2025年底前，所有省份要将省内异地住院直接结算费用纳入就医地按病种付费管理，包括按病组（DRG）付费和病种分值（DIP）付费两种形式。
三、主要原则及措施
（一）坚持统一规范。一是明确将省内异地就医住院费用统一纳入就医地按病种付费管理，参照就医地付费方式。二是要求就医地医保部门统筹做好病种分组和病种权重、费率、系数等核心要素管理及特例单议、谈判协商、沟通反馈、基金预付、数据分析等配套措施。三是要求省级医保部门落实好统筹管理责任，逐步实现按病种付费政策、技术标准和服务管理统一。
（二）坚持内外协同。一是要求省级医保部门建立健全就医地与参保地协商协作机制，指导统筹地区根据参保地医保基金承受能力和就医地同质化管理要求，在确保基金安全可持续的前提下满足参保群众就医需求和医疗机构发展需要。二是省级医保部门要确定统一的异地就医结算清算规则，统筹做好本地和省内异地住院费用医保基金结算清算工作。三是鼓励有条件的省份探索建立联合办公机制，共同推动省内异地就医按病种付费工作落实落地。
（三）坚持统筹平衡。一是要求统筹本地和省内异地住院病种支付水平，充分考虑流入地诊疗服务水平提升、医疗机构发展与流出地医保基金安全之间的平衡，维护参保人合理的异地就医需求与有序就医之间的平衡，各省具体政策、经办能力之间的平衡等，协同推进改革工作。二是要求各地完善病种分组调整方案，探索将省内异地住院结算的医保基金纳入就医地总额预算管理，合理确定本地和省内异地住院病种支付水平。三是明确改革初期，结合异地就医结算规模、长期居住和转诊人员类型分布，就医地可单独设置省内异地住院病种支付标准，或在本地标准的基础上设定调节系数。随着改革深入，逐步缩小本地和省内异地住院病种支付差距。
（四）坚持安全高效。一是完善信息系统，提升信息化支撑力度，扩大医保基金结算清单的质控管理范围，支持省内异地住院费用在就医地入组计算后能与参保地进行结算、清算。二是要求加快推进国家DRG/DIP功能模块应用，地方各级医保部门要指导各定点医疗机构进行分组结果查询、结算清单质控结果查询等接口改造工作，健全信息展示与分析反馈功能，指导和促进定点医疗机构精细化管理。三是要求就医地将省内异地住院费用纳入本地日常管理范围，创新支付方式智能审核应用场景，实现事前、事中、事后全流程管理。
链接：关于有序推进省内异地就医住院费用纳入按病种付费管理的通知"
《关于推进基本医保基金即时结算改革的通知》政策解读,2025-01-16,https://www.nhsa.gov.cn/art/2025/1/16/art_105_15487.html,"近日，国家医保局印发《关于推进基本医保基金即时结算改革的通知》（以下简称《通知》）。现对有关内容解读如下。
一、《通知》出台背景
为贯彻落实党中央、国务院深化医疗保障制度改革有关任务部署，促进三医协同发展和治理，健全与“1+3+N”多层次医疗保障体系相适应的医保科学结算体系，进一步优化医保基金结算政策，不断提升医保基金结算清算效率，向定点医药机构运行持续注入流动资金，增加“现金流”，缓解垫付资金压力，进一步赋能医疗卫生事业和医药产业高质量发展，实现“快给钱、快赋能”，现印发《通知》对医保基金即时结算工作提出要求。
二、《通知》主要内容
《通知》主要体现“一个目标”“两个责任”“三个结合”“四个机制”。
一是明确“一个目标”。2025年全国80%左右统筹地区基本实现基本医保基金与定点医药机构即时结算，2026年全国所有统筹地区实现基本医保基金与定点医药机构即时结算。
二是贯通“两个责任”。国家医保局与地方医保部门同题共答即时结算，协同发力推进改革。国家医保局积极支持各地开展相关工作，及时答疑解惑，组织评估交流。省级医保部门负责落实本省即时结算工作，强化保障，及时优化信息系统相关功能模块。
三是坚持“三个结合”。坚持优化传统结算与创新结算方式相结合，充分压缩流程和时长，由原来从定点医药机构申报截止次日到医保基金拨付不超过30个工作日减少至20个工作日。坚持基金预付与即时结算相结合，既通过基金预付增加医药机构现金总量，也通过即时结算加快医药机构现金流速。坚持试点与全面推进相结合，指导地方从实际出发，合理确定结算模式，以点及面，分步推开，按照时间节点逐步推进完成相关工作。
四是落实“四个机制”。建立和完善即时结算工作联络机制、定期调度机制、宣传示范机制和培训提升机制。加强日常工作沟通，各省按要求报送工作进度和经验做法。通过实地调研、线上集中调度等多种方式，加快工作进度。加大宣传力度，精选典型案例。加大培训力度，举办专题培训班，提升医保基金结算能力。
链接：国家医疗保障局办公室关于推进基本医保基金即时结算改革的通知
中国医保，一生守护！维护医保基金安全，人人有责！打击欺诈骗保举报电话：010-89061396，010-89061397；邮箱：jubao@nhsa.gov.cn。"
《关于进一步加强劳动者医疗保障权益维护工作的通知》政策解读,2025-01-07,https://www.nhsa.gov.cn/art/2025/1/7/art_105_15402.html,"为贯彻落实党中央、国务院深化医疗保障制度改革有关任务部署，进一步加强劳动者医保权益维护工作，近日国家医保局印发《关于进一步加强劳动者医疗保障权益维护工作的通知》（以下简称《通知》）。现对有关内容解读如下。
一、《通知》出台背景
习近平总书记对劳动者权益保障高度重视，念兹在兹。国家医保局坚决贯彻落实党中央、国务院决策部署，自基本医疗保险制度建立以来，要求各地各级医保部门坚持以人民为中心，加强劳动者医保权益保障，促进高质量充分就业，保持社会和谐稳定，为经济社会发展提供有力的支撑和保障。为进一步维护劳动者医保权益，指导各级医保部门更好落实政策、健全机制、改进服务，不断增强广大劳动者医疗保障的获得感、幸福感、安全感，印发《通知》对相关工作提出要求。
二、《通知》框架和主要内容
《通知》坚持问题导向和目标导向，针对近期群众问题反映，对做好劳动者参保、待遇保障、经办服务、部门协同等方面提出了具体要求，主要包括8个方面。
一是大力做好劳动者参加基本医疗保险工作，确保应参尽参。稳定就业的劳动者和灵活就业的劳动者按规定参加职工医保和居民医保，同时要求各地落实持居住证参保工作。
二是持续做好基本医疗保险关系转移接续工作，确保待遇享受无缝衔接。明确劳动者在医保关系接续过程中按规定连续参保缴费的，其待遇不中断。推动参保人医保关系转移接续全流程线上办理。
三是巩固待遇保障水平，确保应享尽享。强调发挥基本医保、大病保险（大额补助）、医疗救助三重制度保障合力，做好参保群众就医保障。
四是拓展职工医保个人账户家庭共济，实现更大范围共济。明确将职工医保个人账户家庭共济范围由“配偶、父母、子女”扩大至“近亲属”。要求地方落实省域内近亲属职工医保个人账户共济使用，加快推动实现跨省共济使用。
五是稳步扩大生育保险参保范围，多措并举稳步提高保障水平。明确有条件的地方可探索灵活就业人员同步参加职工医保和生育保险，并享受相应待遇。逐步将适宜的分娩镇痛和辅助生殖项目按程序纳入医保基金支付范围。
六是继续做好领取失业保险金人员参保工作和待遇享受。领取失业保险金人员参保应缴纳的职工医保（含生育保险）费从失业保险基金中支付，个人不缴费。
七是改进管理服务，确保待遇及时足额享受。提出完善异地就医结算，住院费用跨省结算率保持70%以上。推动生育医疗费用直接结算，完善生育保险待遇“跨省通办”流程。
八是建立健全部门协同联动机制，形成维护劳动者权益工作合力。要求地方加强部门间的政策协同和工作联动，医疗保障、人力资源社会保障、税务、卫生健康和工会等相关部门通力协作，系统解决劳动者劳动权益保障问题。
链接：国家医疗保障局办公室关于进一步加强劳动者医疗保障权益维护工作的通知
中国医保，一生守护！维护医保基金安全，人人有责！打击欺诈骗保举报电话：010-89061396，010-89061397；邮箱：jubao@nhsa.gov.cn。"
《国家医保局 国家卫生健康委员会关于完善医药集中带量采购和执行工作机制的通知》政策解读,2024-12-10,https://www.nhsa.gov.cn/art/2024/12/10/art_105_15057.html,"为深入贯彻习近平总书记关于“三医联动”改革的重要指示批示精神，落实党的二十大、二十届三中全会精神和2024年《政府工作报告》有关部署，近日国家医保局会同国家卫生健康委印发《关于完善医药集中带量采购和执行工作机制的通知》（医保发〔2024〕31号，以下简称《通知》）。《通知》在原有政策基础上进一步完善医药集中带量采购和执行工作机制，引导医疗机构、医药企业遵循并支持集中带量采购机制，巩固深化药品、医用耗材集中带量采购改革成果，让更多患者受益。
《通知》重点从集采药品耗材的进院、使用、监测、考核、反馈等各环节提出细化措施，体现出部门间协同监管、优先使用中选产品的政策导向。
在进院使用方面，要求地方在各批次集采执行第3个月起开展排查梳理，督促医疗机构尽快完成进院工作。鼓励村卫生室、民营医疗机构、零售药店参加集采，方便群众就近购买中选药品。要求医疗机构提升中选产品使用管理水平，完善内部考核办法和薪酬制度，加强处方点评，合理优先使用中选产品，制约无正当理由开具高价非中选药品的行为。做好集采结余留用政策与支付方式改革激励约束机制的衔接，综合体现对医疗机构采购和使用中选药品耗材的正向激励。
在监测考核方面，加强集采品种挂网价格管理，强调中选产品应及时按中选价挂网，对价格高于相关政策规定的非中选产品采取暂停采购、撤网等措施。健全常态化监测机制，动态监测中选品种、医疗机构的采购进度、采购量占比情况。明确医疗机构未完成约定采购量或非中选产品采购比例超过规定要求的，视为考核不合格；同时，针对临床需求发生重大变化的药品、短缺药、急抢救药和季节性用药等特殊品种优化考核，不搞“一刀切”。
在供应保障方面，要求健全省级层面的集采工作会商机制，省级医保部门会同卫生健康及相关部门、医疗机构、中选企业等，畅通沟通渠道，会商处置医疗机构反映的供应不足、配送不及时、选择性配送等问题。强调进一步明确中选药品持续稳定供应的具体要求，以及合理选择其他替代药品的例外措施。
在协同监管方面，协同推进行业综合监管，相关部门分析研判“带金销售”等不正之风线索，对无故不按规定优先使用中选药品和耗材的医疗机构，采取提醒教育、约谈、通报等措施，情节严重的由医保、卫生健康部门开展联合约谈，必要时将有关线索移交，推动形成鼓励优先使用中选药品和耗材的导向。
链接：国家医保局 国家卫生健康委员会关于完善医药集中带量采购和执行工作机制的通知"
关于血管介入支架等7类医用耗材医保通用名（征求意见稿）的解读,2024-11-30,https://www.nhsa.gov.cn/art/2024/11/30/art_105_14917.html,"近日，国家医保局组织力量修订了血管介入支架等7类医用耗材医保通用名（以下简称“医保通用名”）并公开征求意见，现就有关情况解读如下。
一、什么是医用耗材医保通用名
医用耗材医保通用名是对学科、品类和功能相近，有较强的替代性、临床价值及医保管理趋同的医用耗材在医保领域统一规范的命名。
二、为什么要修订完善医用耗材医保通用名
《中共中央 国务院关于深化医疗保障制度改革的意见》《国务院办公厅关于印发治理高值医用耗材改革方案的通知》等文件均对建立基本医保医用耗材准入制度，实行医用耗材目录管理提出了要求。针对医用耗材管理层级多、品种数量庞大的客观实际，国家医保局成立后于2019年制定发布了“医保医用耗材分类与代码”，奠定了医用耗材的医保管理基础。
为进一步优化管理，更好满足目录准入、医保支付、招标采购等业务需求，2023年7月我局印发的《国家医疗保障局关于做好基本医疗保险医用耗材支付管理有关工作的通知》中提出建立健全医用耗材医保通用名管理制度，根据产品功能、临床价值等因素对耗材进行合并同类项，对“医保医用耗材分类与代码”第三部分“医保通用名”进行修订完善。
三、医用耗材医保通用名对医保管理有什么作用
长期以来，医用耗材企业命名自由度较大，市场上甚至出现了异物同名、同物异名的现象，产品名称不能满足精准、高效的辨识要求，大大增加了医保管理难度。构建形成规范统一的医保通用名标准体系，对功能相近、临床价值差异不大的耗材合并同类项，合理确定医保通用名，可解决当前医用耗材识别难、区分难、临床选择难、医保管理难等问题，对推动建立健全医用耗材医保准入制度，助力医保支付更加科学、精细、高效具有重要意义，同时也有利于规范和引导医疗器械领域技术创新，促进新质生产力发展。
四、优化医用耗材医保通用名的过程和依据
医保通用名，以医用耗材分类为基础，结合产品功能特性与临床应用特点，遵循“科学性、公平性、实用性”原则制定。2021年底，我局组织制定了《医保医用耗材“医保通用名”命名规范》，并向社会公开征求意见。医保通用名的命名结构，原则上以三级分类名称前置，根据医保管理需要选取必要的材质和特征参数后置，形成医保通用名。在修订编制过程中，充分考虑产品实际临床用途、功能，并参考国家药监部门医疗器械通用名称命名规则、分类专家共识与行业标准等资料，与药监、临床、企业等多方进行充分沟通和论证，逐步完善医保通用名，确保客观反映各类耗材功能特征，科学简明、易于识别、易于区分、易于管理。
五、下一步工作安排
国家医保局将根据社会反馈意见建议进行完善，并据此修订“医保医用耗材分类与代码”第三部分“医保通用名”，为下一步目录制定、支付管理、招标采购提供支撑。继续组织力量推进其他类别耗材医保通用名修订优化工作。同时建立多方参与的定期沟通机制，视情况对医保通用名进行修订更新。
链接：国家医疗保障局关于血管介入支架等7类医用耗材医保通用名（征求意见稿）公开征求意见的公告"
《短缺药品价格的风险管理操作指引》政策解读,2024-11-27,https://www.nhsa.gov.cn/art/2024/11/27/art_105_14883.html,"近日，国家医疗保障局办公室印发《短缺药品价格的风险管理操作指引》（下称《操作指引》）。现对有关内容解读如下。
一、《操作指引》的出台背景
2019年，国务院办公厅印发《关于进一步做好短缺药品保供稳价工作的意见》，医疗保障部门坚决落实短缺药品直接挂网的采购政策。对于列入国家和省有关部门短缺易短缺清单的药品，本着“有药可用优先、保障治疗优先”的原则，各省医药集中采购机构接受企业自主涨价、一路绿灯。
政策实施以来，国家短缺和易短缺清单内药品供应形势明显改善，平均配送到位率从2019年以前约60%提升至目前的90%。但也出现了一些企业制造短缺、以缺逼涨的新情况新问题，特别是一些药品的地方性“短缺”尤为突出，近年来，国家医保局对以短缺或其他类似名义异常涨价的药品，约谈药品生产企业十多家。
上述情况表明，药品价格由企业自主定价，实行市场调节的改革路子总体上是正确的，但市场机制也不是时时灵通、处处奏效的，尤其是供求形势特殊的短缺易短缺药品，既要赋予企业定价灵活性，引导支持企业保质量、稳供应，也要压实企业公平定价的责任，维护群众利益和医保基金安全。国家医保局此次制定发布《操作指引》，就是要坚持问题导向、目标导向，在落实短缺易短缺药品直接挂网政策的基础上，指导各地分类优化挂网服务，以事前的价格信息披露、事中的价格分析比较以及事后的价格监测处置为抓手，加强价格风险防范。
二、加强短缺药品价格风险管理的主要思路
《操作指引》共分为总则、价格风险防范、价格风险发现、价格风险应对、优化服务管理、附则六部分共31条。主要思路可以概括为以下四个方面：
一是明确适用范围，强调保供优先。短缺药品价格风险管理严格对照“两个清单”以及联动机制牵头部门要求应急处理的具体品种，坚持将“保供”放在优先位置，不进行妨碍保供机制正常运行的行政干预，不自行扩大或缩小挂网政策支持范围。
二是坚持市场定价，优化直接挂网。短缺易短缺药品价格坚持市场决定。企业作为药品价格的第一责任人，可以根据成本变化等合理因素自主调节价格；各地在对照《操作指引》，降低价格风险的基础上，再由医药集中采购机构落实“高效办成一件事”的要求直接挂网。
三是预防处置结合，分类管理风险。坚持公平合理、透明均衡的价格导向，在受理挂网时加强信息披露，研判潜在价格风险，采取差异化的直接挂网措施；在完成挂网后持续加强监测评估，必要时采取函询约谈、信用评价等措施处置价格风险。
四是压实首涨负责，加强协同联动。首个受理涨价挂网的省份（下称首涨省）牵头承担资料复核、价格和成本调查、督促整改等责任，主动向其他省份共享挂网信息和风险处置结果等情况。涨价品种的产地省，以及采购金额排名靠前的省份积极配合首涨省开展工作。其他省份跟进受理涨价挂网时，充分参考首涨省提供的情况，加强协同联动。
三、短缺药品申报挂网的主要政策变化
《操作指引》发布后，短缺易短缺药品价格仍由企业自主定价，实行市场调节。当企业准备按新价格申请在各省医药集中采购平台挂网的，要对照《操作指引》，做好价格信息披露和价格风险自查自纠等准备工作；各地也不再像过去那样完全信任、照单全收，而是对照《操作指引》，评估新价格的风险，分类提供挂网服务。
企业方面重点是通过价格信息披露来排除价格风险。具体来说，就是要向首涨省医保部门说明情况，比如新价格是怎么定出来的，新价格与既往比、与周边比是怎么变化的，把新价格打开来看一看，涨价的幅度与涨价的理由是不是匹配，涨价增加的收益是不是用在保质量、稳供应等正当用途上。
医保部门提供差异化的挂网服务，涨幅小、风险低的国家清单内品种采取直通型挂网，接受企业自主确定的新价格；涨幅大、风险高，且国内有同用途药品的采取递补型挂网，接受企业自主确定的新价格，同时向采购单位亮黄灯或者亮红灯，警示价格风险；涨幅大、风险高，且国内没有同用途药品的采取附条件挂网，要求企业对公平定价、诚信经营，以及失信责任等作出书面承诺，在此基础上接受企业自主确定的新价格，督促企业落实承诺事项。
四、短缺药品挂网服务的优化调整
第一，建立提前沟通机制。企业认为短缺易短缺药品可能难以保障供应，无法逆转或缓解，确有必要申报直接挂网的，原则上在正式申报前一个月与省级医药集中采购机构沟通交流。
第二，积极响应挂网需求。省级医药集中采购机构收到企业提前沟通或申报直接挂网需求后，应积极响应，强化经办内控，不得以本地挂网规则为由推诿拒绝，主动交流挂网要求，及时规范办理申报。
第三，优化医保平台功能。省级医药集中采购机构将监测规则直接嵌入医保信息平台中，对于低风险的涨价情形，企业可以直接登录平台完成挂网操作。短缺药品直接挂网后，医保信息平台及时更新挂网信息和分类标识、全国共享。
第四，实行跨省联动挂网。对于国家“两个清单”内药品，企业向首涨省之外的其他省份申报挂网，申报价格不高于首涨省的，当地医药集中采购机构可开辟绿色通道直接挂网。涉及“递补型挂网”“附条件挂网”的，就低参考首涨省办理结果处理。
五、评估《操作指引》对医药行业的影响
《操作指引》的适用范围主要是国家和省级短缺药品供应保障工作会商联动机制各成员单位联合印发的《短缺药品清单》《临床必需易短缺药品重点监测清单》（下称“两个清单”）内药品。目前，国家“两个清单”的纳入药品共57种，省级“两个清单”增补药品据不完全统计一般不超过20个，在已上市药品中的占比非常有限。因此，虽然《操作指引》对于短缺药品公平定价、诚信定价提出了更高要求，但从涉及面来看，对整个医药行业的影响很小。
此外，《操作指引》没有改变短缺药品自主定价、直接挂网的基本政策，对于潜在一定风险的高价也可以接受挂网，主要从事前的价格信息披露、事中的价格分析比较以及事后的价格监测处置提出规范要求，采取必要的防范和救济措施加强风险管理，是一种“防小人不防君子”的制度设计，不影响企业诚信经营、公平定价。
链接：国家医疗保障局办公室关于印发《短缺药品价格的风险管理操作指引》的通知"
《关于推进长期照护师职业技能等级认定的实施意见》政策解读,2024-11-12,https://www.nhsa.gov.cn/art/2024/11/12/art_105_14655.html,"推进长期照护师职业建设，是加快长期护理保险制度建设的重要支撑，也是提高长期护理服务质量、保障长期护理保险基金安全运行的必要举措。近日，国家医保局会同人力资源社会保障部印发了《关于推进长期照护师职业技能等级认定的实施意见》（以下简称《实施意见》）。
一、《实施意见》出台的背景是什么？
2016年，国家开始启动长期护理保险试点，经过8年探索，到2023年底，试点地区定点长护服务机构达8080家，定点长护服务机构照护人员超30万人，累计为超过235万人提供服务，大大减轻了失能老人家庭的照护压力和经济负担。随着长期护理保险覆盖面不断扩大，长期护理服务力量薄弱、专业化素质不高、职业吸引力不足、服务水平有待提升等问题逐渐显现，亟待加强制度建设。2024年2月，国家医保局联合人力资源社会保障部颁布《健康照护师（长期照护师）国家职业标准（2024年版）》，首次明确长期照护师职业标准，为加快培养培训大量高素质的长期护理从业人员、推动长期照护职业发展走上快车道打下良好基础。
党的二十届三中全会作出“加快建立长期护理保险制度”的部署要求。加快长期照护人员专业化、职业化发展，构建科学化、社会化、多元化的长期照护师技能人才评价体系，是深入贯彻落实党的二十届三中全会精神的具体实践，因此国家医保局、人力资源社会保障部共同制定印发了《实施意见》，这标志着长期照护师职业等级认定有据可依、有章可循，进入实质性操作阶段，在不久的将来就将会有一批长期照护师持证上岗，为参保失能人员提供优质服务。
二、《实施意见》的主要内容是什么？
《实施意见》聚焦解决长期护理服务对象和长期护理从业人员急难愁盼问题，加快推进以岗位使用为导向的长期照护师职业技能等级认定体系建设，注重增强职业认同感和归属感，明确做好长期照护师职业技能等级认定的有关要求。
首先，明确总体要求，坚持需求导向，把职业技能等级认定作为提高长期护理服务质量、保障参保人长护待遇享受权益、助推长期护理保险高质量发展的有力支撑，明确了职业技能等级认定范围和管理责任。其次，细化重点工作，主要包括合理确定等级认定机构、规范认定程序、常态化开展认定、提高等级认定质量、加强监督管理等，明确了做好等级认定的机构、人员、机制支撑。最后，从加强组织领导、宣传推广等方面对抓好工作落实提出要求。
三、长期照护师职业技能等级认定机构是如何确定的？
考虑到长期照护师提供的长护服务具有明确指向，与长期护理保险待遇享受人员权益和基金运行安全密切相关，《实施意见》明确由省级医保部门和人力资源社会保障部门立足长期护理保险工作实际，落实职业技能等级认定机构备案事项办理指南要求，按照统筹规划、合理布局、严格条件、择优遴选、动态调整的原则，统筹公共实训基地、普通高校、职业院校（含技工院校）、职业技能培训机构等资源，共同遴选符合条件的单位，按程序做好备案管理，备案后的单位将成为长期照护师职业技能等级认定机构。原则上，各省备案开展长期照护师职业技能等级认定的社会培训评价组织不超过3家。
四、如何开展长期照护师职业技能等级认定？
《实施意见》提出，长期照护师职业技能等级认定机构必须严格按照《健康照护师（长期照护师）国家职业标准（2024年版）》相关要求，对照长期照护师职业技能等级认定内容，分类分级做好五级/初级工、四级/中级工、三级/高级工的认定考核工作。要将长期照护师国家职业标准和统一开发的长期照护师培训教材及考试题库作为培训、考核的主要依据。通过理论知识考试和操作技能考核方式，围绕职业道德、基础知识、生活照护、基础护理、应急处置、功能维护、对症护理、心理照护等方面开展考核，并对合格人员颁发职业技能等级证书。同时，各地医保部门要指导用人单位依托实训基地、长期护理服务机构等培训场所，定期组织已完成职业技能等级认定的长期照护师开展业务知识和实操技能轮训。
链接：国家医保局 人力资源社会保障部关于推进长期照护师职业技能等级认定的实施意见"
《国家医保局办公室 财政部办公厅关于做好医保基金预付工作的通知》政策解读,2024-11-11,https://www.nhsa.gov.cn/art/2024/11/11/art_105_14644.html,"近日，国家医保局办公室、财政部办公厅印发了《关于做好医保基金预付工作的通知》（医保办函〔2024〕101号，以下简称《通知》）。现对有关内容解读如下：
《通知》坚持以人民为中心的发展思想，坚持稳中求进的工作总基调，抓住重点，主动作为，将做好医保基金预付工作作为医保增量政策之一，在国家层面统一和完善基本医疗保险基金预付制度，规范流程，强化管理，有效提高资金使用效率。坚持将“预付金”作为“赋能金”，让定点医疗机构缓解医疗费用垫支压力，切实为定点医疗机构可持续发展赋能助力，进而为参保群众提供更优质的医疗保障，促进药品和耗材企业稳健运行，一体推动“三医”协同发展和治理，从而更好服务保障宏观经济发展大局，为社会平稳运行贡献力量。
《通知》从政策制度安排、申请流程、会计核算和监督等方面明确了规范要求，主要体现“三个明确”和“三个规范”。各地要根据《通知》要求，结合实际情况制定、修改和完善本地区的预付金管理办法和实施细则。
“三个明确”是指：一是明确政策内涵。预付金是医保部门预付给定点医疗机构用于药品和医用耗材采购等医疗费用的周转资金，不得用于医疗机构基础建设投入、日常运行、偿还债务等非医疗费用支出。药品和医用耗材集中带量采购医保基金专项预付按原规定执行。二是明确拨付条件。基金安全是实施预付工作的基本前提，应坚持尽力而为、量力而行的原则。原则上按照统筹地区医保统筹基金累计结余和医保基金运行风险等级作为拨付预付金的条件和标准。三是明确支出标准。核定标准原则上以前一至三年相关医疗保险基金月平均支出额为基数，合理确定预付金的基础规模，预付规模应在1个月左右。
“三个规范”是指：一是规范流程管理。符合条件的定点医疗机构于每年度1月上旬自愿向统筹地区医保部门申请预付金。医保部门审核后商财政部门确定预付医疗机构范围及预付金规模，原则上于每年第一季度结束前按规定向定点医疗机构拨付预付金。预付金实行按年度核定，年底前医保部门要与定点医疗机构做好对账核算工作，通过交回支出户或冲抵结算金额的方式予以收回。二是规范会计核算。医保部门和定点医疗机构应定期做好医保预付金对账工作，医保部门应做好预付金拨付、清算、核销的会计核算工作。定点医疗机构除按要求做好会计核算外，还应当单独设置台账管理，严格资金使用审批、支出程序，严禁借出或挪作他用。三是规范资金监督。医保部门要将医保预付金纳入服务协议，细化相关条款。同时，明确医保部门收回预付金的情形，对无法收回的，停止向定点医疗机构拨付医保结算费用并申请进入司法程序，保证医保基金安全。
链接：国家医保局办公室 财政部办公厅关于做好医保基金预付工作的通知"
《国家医保局办公室 民政部办公厅关于进一步做好医疗救助对象信息共享工作的通知》政策解读,2024-11-07,https://www.nhsa.gov.cn/art/2024/11/7/art_105_14594.html,"近期国家医保局办公室、民政部办公厅印发了《关于进一步做好医疗救助对象信息共享工作的通知》（医保办函〔2024〕99号，以下简称《通知》）。现解读如下：
一、《通知》出台背景
党中央高度重视困难群众医疗救助工作，要求按救助对象类别及时精准实施救助保障。在充分肯定工作成效的同时，也客观认识到工作中存在一些短板不足。为推进解决部门间信息共享不及时、影响困难群众救助资金拨付结算的问题，精准落实医疗救助政策，切实减轻困难群众和重特大疾病患者家庭医疗费用负担，提高人民群众获得感、幸福感、安全感，特完善有关政策措施。
二、《通知》主要框架
《通知》坚持问题导向和目标导向，针对部门间信息共享不及时导致困难群众享受待遇滞后、基础信息不准确造成困难群众待遇难确认、数据共享的方式和规则有待完善、各地医疗救助待遇起效时限规定待统一等问题，聚焦“建机制、聚合力、补短板”，对加强工作管理、规范待遇时限、健全共享机制、明确部门责任、强化信息质量、促进工作衔接等提出了具体要求。三、《通知》的主要举措
《通知》从6方面提出工作措施：
一是加强医疗救助信息共享管理。明确部门间开展信息共享的具体内容。明确信息共享操作层级。
二是规范医疗救助待遇享受时限。明确动态调增或调减医疗救助对象均从身份调整之日次月起享受或停止医疗救助待遇，因时间差未享受待遇的，可手工结算。
三是健全信息共享工作机制。提出各地逐级建立健全部门间信息共享工作机制，明确要求尚未建立信息共享机制的地区，要在2024年年底前建立覆盖有关部门的医疗救助对象信息共享机制。
四是落实信息共享责任。明确省级有关部门对本省医疗救助对象信息工作负总责。要求严格执行信息保密制度，加强对共享信息的安全管理。
五是强化基础信息监测及核验。要求各部门加强对基础信息共享运行情况监测，提升基础信息质量，可探索建立多源数据交叉验证机制。
六是做好信息共享工作衔接。信息共享方式上，提出各地因地制宜以手工、信息化等多种适宜方式实时或者定期共享数据。信息共享频次上，提出原则上每月不低于1次。
此外，还部署要求强化工作培训指导，及时做好典型经验总结，加大政策宣传解读，营造良好舆论氛围。
链接：国家医保局办公室 民政部办公厅关于进一步做好医疗救助对象信息共享工作的通知"
《长期护理保险护理服务机构定点管理办法（试行）》政策解读,2024-10-14,https://www.nhsa.gov.cn/art/2024/10/14/art_105_14206.html,"为规范长期护理保险护理服务机构定点管理，保障享受待遇的长期护理保险参保人员合法权益，近日，国家医保局印发了《长期护理保险护理服务机构定点管理办法（试行）》（以下简称《办法》）。
一、《办法》出台的背景是什么？
长期护理保险护理服务机构（以下简称长护服务机构）作为长期护理服务的供给主体，是保障参保人员获得高质量服务的重要支撑，也是长期护理保险基金支付的主要对象。《国家医保局财政部关于扩大长期护理保险制度试点的指导意见》（医保发〔2020〕37号）明确要求，探索完善对护理服务机构和从业人员的协议管理和监督稽核制度。加强长护服务机构定点管理，是规范长护服务机构服务行为，提高长期护理保险基金使用效能，推动长期护理服务专业化、规范化的基础性工作。
国家医保局坚决贯彻落实党的二十届三中全会“加快建立长期护理保险制度”的决策部署，在梳理总结前期试点经验基础上，研究制定《办法》，进一步明确了长护服务机构定点管理的具体要求，为机构定点管理提供依据和规范，推动定点管理更加规范统一，为建立长期护理保险制度提供配套支撑。
二、制定《办法》的总体考虑是什么？
在制定《办法》过程中，我们针对当前长期护理保险的发展现状，立足保障参保人员权益、统筹支持养老产业发展，明确了定点管理的基本原则：一是坚持宽进严管。立足当前长护服务机构总体供给不足、亟需培育的现状，对机构定点管理申请坚持从宽原则，体现了支持养老服务体系建设的要求。机构成为定点后，重点督促其从严加强内部管理，严格基金使用情况监督。二是突出运用信息化管理手段。适应数字化发展趋势，明确机构需具备信息化条件，按照“一人一档”的原则建立护理服务文书电子档案，按规定向统筹地区医疗保障经办机构据实传送长期护理保险相关全量数据信息。三是尊重试点实际预留政策空间。考虑长期护理保险从试点到全面建制的探索实践，《办法》采取试行的实施方式，既尊重实际，也为以后进一步修改完善预留空间。
三、《办法》的主要内容是什么？对定点管理提出了哪些具体要求？
《办法》共7章52条，第一章总则、第二章定点长护服务机构确定、第三章定点长护服务机构运行管理、第四章经办服务管理、第五章定点长护服务机构动态管理、第六章监督管理、第七章附则。
在定点机构确定方面，对资源规划、机构类型、申请条件、申请程序等作了规定，并对分支机构（站点）申请定点管理明确了相应规定。在运行管理方面，对定点长护服务机构的协议履行、服务内容、服务规范、信息管理、行业自律、价格收费、基金使用、内部管理等提出了明确要求。在动态管理方面，明确了机构信息变更、协议续签、协议中止、协议解除的管理要求，并对统筹地区医疗保障经办机构的工作责任予以细化。在经办服务管理方面，明确了统筹地区医疗保障经办机构的工作职责、管理内容、管理方式等。在监督管理方面，区分了医保行政部门和经办机构的监管职责划分，明确了各自监管的重点内容和管理方式。
四、《办法》对申请成为定点长护服务机构有什么要求？
《办法》明确符合条件的养老机构、医疗机构及其他服务机构可以申请成为定点长护服务机构，条件主要包括：具备法人资格；配备与长护服务工作相适应的专业化队伍和服务力量；具有符合长护服务协议要求的软、硬件设备和相应管理制度；具备使用全国统一的医保信息平台、与医保信息平台进行对接等信息技术条件；符合长护服务相关的收费项目和收费价格政策规定；符合法律法规和省级及以上医疗保障行政部门规定的其他条件。
符合上述条件的长护服务机构，可以自愿向统筹地区医疗保障经办机构提出定点申请。申请受理后，经医保部门综合审核、社会公示，协商谈判达成一致签订长护服务协议后，即可纳入定点管理。
五、《办法》对定点长护服务机构的退出机制有什么具体要求？
《办法》明确由统筹地区医疗保障经办机构对定点长护服务机构开展绩效考核，重点加强事中、事后监管，在把好“入口”管理的基础上，进一步规范退出要求，细化了定点长护服务机构协议中止、协议解除的具体情形。
如定点长护服务机构在协议履行中出现重大信息变更不及时、向医保部门提供虚假信息或未按规定提供信息、损害基金安全或参保人员权益、未按规定落实整改要求、违反其他法律法规和规章规定或者协议约定等情形的，统筹地区医疗保障经办机构将中止与定点长护服务机构的协议，协议中止期间发生的长护服务费用不予结算。
如定点长护服务机构在协议履行中出现超出执业许可范围或地址开展服务、超出资质文件有效期或营业范围、经营主体发生重大变化、法人或实际负责人（控制人）不能按规定履约、出现多次中止协议、服务行为中涉及虚假宣传或利益诱导、拒不配合监督检查、伪造变造长期护理服务资料数据、诱导协助骗保、自愿解除协议、违反法律法规或协议其他规定等情况的，统筹地区医疗保障经办机构将解除与定点长护服务机构的协议，协议解除后发生的长护服务费用不予结算。
需要说明的是，无论是协议中止还是协议解除，其目的主要是为了规范定点长护服务机构服务行为，提升服务质量，从而更好保障参保人员合法权益。确保长期护理保险基金安全是医保部门、定点长护服务机构、参保人员共同的责任，需要各方增进互信、相向而行，也需要定点长护服务机构加强自我管理和行业自律，广泛接受群众和社会监督，共同推动长期护理保险制度健康发展。
链接：国家医疗保障局办公室关于印发《长期护理保险护理服务机构定点管理办法(试行)》的通知"
国家医保局出台长期护理保险专家库管理暂行办法,2024-09-30,https://www.nhsa.gov.cn/art/2024/9/30/art_105_14048.html,"为加快推进建立长期护理保险制度，提高工作决策科学化、民主化水平，有效发挥专家在长期护理保险制度建设领域决策咨询作用，近日国家医保局印发了《长期护理保险专家库管理暂行办法》（医保办发〔2024〕20号，以下简称《暂行办法》）。
《暂行办法》提出，国家医疗保障行政部门负责组建、管理国家长期护理保险专家库。省、地级医疗保障行政部门可参照组建、管理本级专家库，鼓励省级医疗保障行政部门统一组建、管理本地区专家库。各级医疗保障部门开展长期护理保险领域政策研究、意见咨询、课题委托、调查研究、宣传培训等时需要合作的专家，原则上应从本级或上级专家库中选取。
《暂行办法》主要对入库条件与程序、专家权利义务、专家库的管理和维护等作出规定。一是明确入库条件。明确国家库专家分为核心专家和咨询专家，规定了2类组别专家应具备的基本条件。通过公开征选、定向邀请、单位推荐、个人自荐等方式组建和扩展。二是明确专家权责。确定入库专家应履行受委托开展课题研究与政策咨询、主动做好长期护理保险制度政策宣传、促进相关学科建设等义务，强调了工作、保密、廉洁等方面纪律要求。三是建立健全专家库管理机制。提出专家库实行准入、退出、评估等动态管理措施，细化了医疗保障行政部门管理职责、专家库清退规则、入库期限等规定。
壮大高质量、高水平的长期护理保险专家队伍，有利于丰富拓展专业研究领域，有利于促进各方积极参与制度建设，有利于更好支撑长期护理保险制度建设发展。下一步，国家医保局将按照《暂行办法》有关规定，开展国家长期护理保险专家库组建工作，积极发挥好专家在决策咨询、政策论证、社会宣传等方面的重要作用，为工作推进提供智力支撑。
链接：国家医疗保障局办公室关于印发《长期护理保险专家库管理暂行办法》的通知"
《国家医保局办公室 财政部办公厅关于稳妥有序扩大跨省直接结算门诊慢特病病种范围的通知》政策解读,2024-09-13,https://www.nhsa.gov.cn/art/2024/9/13/art_105_13860.html,"近日，国家医保局办公室会同财政部办公厅印发了《关于稳妥有序扩大跨省直接结算门诊慢特病病种范围的通知》（医保办发〔2024〕19号，以下简称《通知》）。现对有关内容解读如下：
一、《通知》出台背景
近年来，为了解决人民群众跨省异地就医结算“急难愁盼”的问题，国家医保局按照党中央、国务院决策部署全力推进跨省异地就医直接结算改革。2021年，在全面实现住院和普通门诊费用跨省直接结算的基础上，启动高血压、糖尿病、恶性肿瘤门诊放化疗、尿毒症透析、器官移植术后抗排异治疗等5种门诊慢特病相关治疗费用跨省直接结算试点。截至2024年8月底，全国门诊慢特病跨省联网定点医疗机构达到6.90万家，实现每个县都有一家门诊慢特病定点医疗机构，累计惠及891.88万人次，减少群众垫付90.78亿元。考虑到现行5种门诊慢特病跨省结算费用（含手工报销和直接结算）已经占到所有门诊慢特病跨省结算费用的80%以上，为了更好地满足绝大部分跨省门诊慢特病患者就诊结算需求，亟需总结试点经验做法，进一步规范门诊慢特病跨省直接结算政策和管理流程，提升管理服务效能。
同时，为了满足群众对更加便捷的异地就医结算需求，我们与财政部积极研究，决定将跨省直接结算门诊慢特病病种数量从5种增加到10种，新增慢性阻塞性肺疾病、类风湿关节炎、冠心病、病毒性肝炎、强直性脊柱炎等5种门诊慢特病病种。
二、《通知》工作目标
一是巩固提升现行门诊慢特病跨省直接结算服务。进一步规范高血压、糖尿病、恶性肿瘤门诊放化疗、尿毒症透析、器官移植术后抗排异治疗等5种门诊慢特病相关治疗费用跨省直接结算服务，满足参保群众合理就诊结算需求。
二是稳妥有序扩大跨省直接结算门诊慢特病病种覆盖范围。2024年底前，所有统筹地区作为就医地提供慢性阻塞性肺疾病、类风湿关节炎、冠心病、病毒性肝炎、强直性脊柱炎等5种门诊慢特病相关治疗费用跨省直接结算服务。
三、《通知》主要内容
一是进一步规范门诊慢特病跨省直接结算政策。《通知》在延续原有结算政策的基础上，强调跨省直接结算只是结算方式变化，并不改变参保地原有门诊慢特病保障病种范围。即参保地有相应病种待遇的，支持参保人员享受门诊慢特病跨省直接结算服务，并合理确定跨省就医差异化结算报销政策，确保基金安全可持续；没有相应门诊慢特病待遇的，按规定做好普通门诊费用跨省直接结算工作。
二是进一步规范就医结算管理流程。《通知》从门诊慢特病病种待遇认定、资格识别、结算病种代码和名称互认、分病种单独结算、妥善处理退费需求等5个方面进一步规范门诊慢特病跨省直接结算流程。
三是进一步提升管理服务效能。《通知》要求参保地完善门诊慢特病跨省异地就医结算政策告知、结算信息线上查询等服务；强化就医地管理，明确专人负责跨省业务协同工作，切实提升问题响应效率。同时提出门诊慢特病业务全过程监管要求，对门诊慢特病申请受理、待遇认定、用药、检查、治疗等情况，开展智能审核和监控，随机抽查、专项检查，对于发现的违规违法行为严肃处理。
四是进一步扩大服务覆盖范围。《通知》要求各地优先选取诊疗水平高、管理规范的定点医疗机构提供门诊慢特病跨省直接结算服务，并且按照国家统一部署做好门诊慢特病扩围病种相关系统改造和联调测试工作。为了保障结算质量和效果，2024年12月底前，国家将组织所有统筹地区统一上线门诊慢特病扩围病种的跨省直接结算服务。
链接：国家医保局办公室 财政部办公厅关于稳妥有序扩大跨省直接结算门诊慢特病病种范围的通知"
《国家医保局 财政部关于进一步加强异地就医直接结算管理服务的通知》政策解读,2024-09-13,https://www.nhsa.gov.cn/art/2024/9/13/art_105_13859.html,"党的二十大作出“落实异地就医结算”的部署要求，今年政府工作报告也明确了“落实和完善异地就医结算”的工作任务。近日，为了进一步贯彻落实党中央、国务院决策部署，完善异地就医结算，加强异地就医直接结算管理服务，切实维护医保基金安全，国家医保局会同财政部印发了《关于进一步加强异地就医直接结算管理服务的通知》（医保发〔2024〕21号，以下简称《通知》）。
《通知》主要包括六部分内容。
一是加强异地就医备案管理。目前，各统筹地区根据经济社会发展水平、医保基金支撑能力以及分级诊疗制度的要求，对长期居住和临时外出就医等不同的就医类型确定了差异化结算报销政策，需要通过备案管理，提供精准结算服务。《通知》完善了异地就医备案办理流程，要求各地严格执行《全国医疗保障经办政务服务事项清单（2023年版）》，保障多种渠道备案的材料统一，做好备案告知服务。同时，《通知》要求严格执行跨省异地就医备案政策，强化异地就医备案管理，细化办事承诺方式，完善容缺受理服务关键要素。对于各省异地就医备案政策有重大调整的，明确要求省级医保部门做好请示报告工作。
二是合理确定异地就医结算报销政策。《通知》要求各地合理确定跨省异地就医差异化结算报销政策，针对基金累计结余可支付月数少于6个月、参保人异地就医需求多的地区提出更加具体的要求，在做好基金运行风险评估的同时，及时完善异地就医结算报销政策，跨省临时外出就医人员报销水平应与参保地同级别医疗机构报销水平保持合理差异。
三是强化就医地管理。《通知》从加强日常审核、完善费用协查、异地就医费用纳入DRG/DIP管理三方面入手，要求就医地经办机构将异地就医人员纳入本地同质化管理，强化就医地省级医保部门监督指导，压实就医地管理责任，做好跨省异地就医费用审核扣款情况的跟踪监测。
四是优化异地就医直接结算经办服务。为了保障结算业务、信息流转和资金清算运行顺畅，《通知》要求各地加强宣传培训，在问题协同、业务审核、信息共享等方面加强异地就医业务协同管理，建立健全每日报错治理机制、系统运维报告机制、系统应急处置机制，强化省级医保部门与财政部门资金清算方面的协作配合。
五是加强异地就医直接结算监测。《通知》要求各地加强日常监测，定期开展异地就医结算运行分析，及时发现基金使用异常情况，确保基金安全运行。
六是完善异地就医基金监管机制。《通知》要求压实就医地监管责任，将跨省异地就医基金使用无差别统一纳入本地监管。进一步推动区域监管联动，加强跨部门协作和信息共享，充分利用大数据手段，提升医保基金监管能力。
链接：国家医保局 财政部关于进一步加强异地就医直接结算管理服务的通知"
《关于做好2024年城乡居民基本医疗保障有关工作的通知》政策解读,2024-08-26,https://www.nhsa.gov.cn/art/2024/8/26/art_105_13634.html,"为深入贯彻落实党的二十大精神和2024年《政府工作报告》有关任务要求，进一步做好城乡居民基本医疗保障有关工作，不断增强基本医疗保障能力，努力解除人民群众疾病医疗后顾之忧，国家医保局会同财政部、国家税务总局印发了《关于做好2024年城乡居民基本医疗保障有关工作的通知》（医保发〔2024〕19号），以下简称《通知》）。现对有关内容解读如下：
一、2024年居民医保筹资工作如何安排？
为积极适应人均预期寿命不断增长、医疗消费水平持续提升的形势，巩固提高居民医保待遇水平，《通知》明确，2024年各级财政继续加大对居民医保参保缴费补助力度，同时居民个人缴费增幅适当降低，财政补助和个人缴费标准分别较上年增加30元和20元，每人每年分别不低于670元和400元。这是自2016年以来个人缴费新增标准首次低于财政补助标准。需要说明的是，在人均预期寿命不断增长、医疗消费水平持续提升的背景下，合理提高个人缴费和财政补助标准是巩固提升待遇水平和确保制度平稳运行的客观需要。此外，《通知》还要求同步优化大病保险筹资结构，强调各级财政补助按规定及时足额拨付到位，不得挤占、挪用。
二、2024年在居民医保待遇保障方面有哪些具体要求？
为切实增强群众参保获得感，《通知》明确要求稳步提升基本医疗保障水平、增强大病保险精准保障能力、加强居民医保生育医疗费用保障。一是继续巩固住院待遇水平，稳步提升门诊保障水平，全面推动职工医保个人账户家庭共济政策落地落实。二是合理确定大病保险起付标准、报销比例和最高支付限额，提高大病患者高额医疗费用保障精准度。三是将产前检查费用纳入门诊保障，合理提高住院分娩生育医疗费用保障水平。《通知》特别强调推动制度政策规范统一，要求各省组织开展医疗保障待遇清单三年行动方案“回头看”，积极稳妥推动基本医保省级统筹，按照国家明确的方向探索连续参保激励约束措施，同时逐步统一集中征缴期。
三、如何扎实做好过渡期后半程巩固医保脱贫攻坚成果工作？
《通知》要求抓好医保综合帮扶政策落实，健全防范化解因病返贫致贫长效机制，做好农村低收入人口和脱贫人口参保工作，确保两类人员参保率不低于99%。一是按规定落实好医疗救助分类资助参保政策，有条件的地区可适度提高定额资助标准，结合实际情况加大倾斜救助力度。二是常态化开展高额医疗费用负担患者监测预警，进一步强化信息共享和部门间工作协同，积极引导慈善等社会力量参与救助保障。
四、在促进居民连续参保缴费方面有哪些激励措施？
近期国务院办公厅印发《关于健全基本医疗保险参保长效机制的指导意见》，明确提出建立对居民医保连续参保人员和零报销人员的大病保险待遇激励机制。《通知》要求各省，按照国家明确的方向对连续参保人员设置相应的激励措施并严格执行。连续参保激励是连续参保满4年，之后每连续参保1年，可以享受连续参保激励，按照规定提高大病保险最高支付限额；零报销激励是当年基金零报销，次年可享受激励，按规定提高大病保险最高支付限额。两项措施独立设置，均自2025年起执行，符合激励条件的，均提高大病保险最高支付限额，每次提高均不低于1000元，大大高于个人缴费的400元。如果当年发生了大病报销并使用零报销奖励额度，虽然第2年重新计算零报销激励额度，但不影响连续参保激励。对于连续参保激励，即使居民参保人断保，虽然连续参保年数重新计算，但连续参保激励额度一直保留。通过激励措施鼓励居民医保参保人员加强自我健康管理、连续参保缴费，连续参保人员可获得更高保障，也从根本上更好地维护全体参保人利益，同时保证基金平稳运行。
五、如何通过将村卫生室纳入医保定点管理提高群众参保获得感？
村卫生室作为最基层的医疗机构，是农村医疗卫生服务体系的基础，是农村居民看病就医的第一站，也是实现医疗保障服务的“最后一公里”。将村卫生室纳入医保定点管理，对不断满足农村群众日益增长的医疗保障需求，提高常见病、多发病就医购药可及性有着重要意义。近日国家医保局会同国家卫生健康委印发《关于加快推进村卫生室纳入医保定点管理的通知》，指导各地按照“创造条件、优化流程、加强调度、应纳尽纳”的原则，加快将村卫生室纳入医保定点管理，确保2024年底前将符合条件的村卫生室及时纳入医保结算范围，有多个村卫生室的行政村至少保障1个村卫生室纳入医保定点管理，确保医保服务“村村通”，方便群众在家门口就医购药。支持村医开展家庭医生签约服务，开展参保动员上门巡视、预防保健、慢病管理、中医药诊疗服务等。截至2024年4月，全国正常营业的村卫生室有58万家，其中10万家纳入医保单独定点范围，还有32万家村卫生室采取“乡村一体化”管理模式，通过乡镇卫生院实现医保报销，全国超72%的村卫生室已经纳入医保支付范围。
六、职工医保个人账户可以共济给参加城乡居民医保的家属使用吗？
“家庭共济能参保，帮助老人帮助小”。近期国务院办公厅印发的《关于健全基本医疗保险参保长效机制的指导意见》明确，将职工医保个人账户共济范围扩大到近亲属。其中，近亲属是指《民法典》中规定的配偶、父母、子女、兄弟姐妹、祖父母、外祖父母、孙子女、外孙子女。职工医保个人账户可用于支付近亲属参加居民医保的个人缴费。参加基本医疗保险的近亲属，也可以在报销医疗费用时，使用关联的职工医保参保人的个人账户来结算。《通知》要求，全面推动职工医保个人账户家庭共济使用政策落地落实，国家医保局将积极推动进一步扩大共济地域范围，力争今年年底前实现所有省份省内共济，明年加快推进跨省共济。
为切实抓好组织实施，《通知》要求各地各有关部门加强组织领导、健全工作机制、压实工作责任、强化部门协同，增强风险意识、加强基金管理、做好宣传解读，推动制度政策落实落细落好，切实维护群众医疗保障权益。
链接：国家医保局 财政部 国家税务总局关于做好2024年城乡居民基本医疗保障有关工作的通知"
《关于办理医保骗保刑事案件若干问题的指导意见》的理解与适用,2024-08-08,https://www.nhsa.gov.cn/art/2024/8/8/art_105_13509.html,"2024年2月29日，最高人民法院、最高人民检察院、公安部联合印发《关于办理医保骗保刑事案件若干问题的指导意见》（法发〔2024〕6号，以下简称《意见》）。为便于司法实践中正确理解和适用，现就《意见》的制定背景、制定原则和重点内容介绍如下。
一、《意见》的制定背景和过程
医保基金是人民群众的“看病钱”、“救命钱”，事关广大群众的切身利益，事关医疗保障制度健康持续发展，事关国家长治久安。医保骗保犯罪严重危害医疗保障基金安全，损害人民群众医疗保障合法权益。党中央高度重视医保骗保问题，中央领导同志就整治医保骗保问题作出重要指示批示，中央政法委对深化基本医保骗保问题专项整治工作作出部署。最高人民法院、最高人民检察院、公安部等部门切实贯彻党中央部署要求，深入开展医保骗保问题专项整治，取得重要阶段性成效。
为依法惩治医保骗保犯罪，维护医疗保障基金安全，最高人民法院牵头会同最高人民检察院、公安部在深入调研、充分论证的基础上，起草制定了《意见》，进一步明确医保骗保犯罪定罪处罚、法律适用、政策把握、办案要求及有关工作制度机制等相关问题。在历时两年多的起草制定过程中，广泛征求了全国法院、检察院意见，多次征求国家卫健委、国家医保局意见，组织召开座谈会，听取医药公司、医疗机构和药店代表意见建议，不断修改完善。《意见》经最高人民法院审判委员会刑事审判专业委员会第473次会议、最高人民检察院第十四届检察委员会第26次会议讨论通过，从印发之日起施行。
二、制定《意见》的主要考虑和原则
《意见》坚持以习近平新时代中国特色社会主义思想为指导，深入贯彻习近平法治思想，严格执行法律和司法解释的相关规定，制定《意见》的主要考虑和原则如下：
一是坚持法治思维。深入贯彻习近平法治思想，坚持以人民为中心，突出严格依法办理医保骗保刑事案件，切实贯彻落实宽严相济刑事政策和认罪认罚从宽制度，做到区别对待、区别处理，努力实现政治效果、法律效果和社会效果有机统一。
二是坚持罪刑法定原则。准确适用刑法及相关司法解释，在法律、司法解释框架内，进一步明确医保骗保犯罪的定罪处罚等法律适用问题，确保《意见》内容符合法律、司法解释的相关规定。
三是坚持问题导向。以解决司法实践中存在的问题为出发点，最高人民法院在全国法院就医保骗保犯罪审理情况进行深入调查研究和司法大数据分析，结合调研发现的法律适用、定罪处罚、政策把握等方面存在的重点难点问题，充分研究论证，明确相关规定。
四是坚持系统治理。医保骗保犯罪危害性大、涉及面广，必须综合运用行政、刑事手段，《意见》既规定了公安机关、人民检察院、人民法院的协同配合，也规定了与医疗保障行政部门联动，形成工作合力，共同预防和打击医保骗保犯罪。
三、《意见》的主要内容
《意见》共分为全面把握总体要求，准确认定医保骗保犯罪，依法惩处医保骗保犯罪，切实加强证据的收集、审查和判断，建立健全协同配合机制5个部分，共26条。
（一）全面把握总体要求
本部分主要明确办理医保骗保刑事案件的总体要求，强调深刻认识依法惩治医保骗保犯罪的重大意义，持续深化医保骗保问题整治，依法严惩医保骗保犯罪，不断提升人民群众获得感、幸福感、安全感；坚持严格依法办案，坚持分工负责、互相配合、互相制约，确保严格执法、公正司法，提高司法公信力；切实贯彻宽严相济刑事政策和认罪认罚从宽制度，确保罪责刑相适应，努力实现政治效果、法律效果和社会效果有机统一。
（二）准确认定医保骗保犯罪
本部分明确医保骗保刑事案件及医疗保障基金的范围，医疗保障经办机构、定点医药机构、参保人及其他个人骗取医疗保障基金的行为方式及相关犯罪行为的定罪处罚，以及医疗保障行政部门及经办机构工作人员利用职务便利骗取医疗保障基金的定罪处罚问题，确保准确认定犯罪。
1.关于医保骗保刑事案件及医疗保障基金的范围
关于医保骗保刑事案件的范围。医保骗保犯罪并非独立犯罪类型，没有专门的刑法罪名，而是一类犯罪行为的统称，涉及多个罪名。为统一认识，《意见》第4条第1款规定：本《意见》所指医保骗保刑事案件，是指采用欺骗手段，骗取医疗保障基金的犯罪案件。需要注意的是，医保骗保犯罪既包括以非法占有为目的，虚构事实、隐瞒真相，直接骗取医疗保障基金的诈骗犯罪及国家工作人员利用职务便利，贪污医疗保障基金的犯罪，也包括非法收购、销售利用医保骗保购买的药品牟利的掩饰、隐瞒犯罪所得犯罪等。
关于医疗保障基金的范围。2021年5月1日起施行的《医疗保障基金使用监督管理条例》第二条规定：本条例适用于中华人民共和国境内基本医疗保险（含生育保险）基金、医疗救助基金等医疗保障基金使用及其监督管理。第四十九条规定：职工大额医疗费用补助、公务员医疗补助等医疗保障资金使用的监督管理，参照本条例执行。居民大病保险资金的使用按照国家有关规定执行，医疗保障行政部门应当加强监督。考虑到居民大病保险资金从城镇居民医保基金、新农合基金中划出一定比例或额度，保障对象为城镇居民医保、新农合参保（合）人，为切实维护相关医疗保障基金及医疗保险资金安全，《意见》第4条第2款规定：医疗保障基金包括基本医疗保险（含生育保险）基金、医疗救助基金、职工大额医疗费用补助、公务员医疗补助、居民大病保险资金等。需要说明的是，“等”为“等内等”，限于列举范围；如此后法律、行政法规对医疗保障基金的范围有所增加，可依法解释在“等”内。
2.关于定点医药机构实施医保骗保犯罪行为的定性
《意见》第5条规定了定点医药机构骗取医疗保障基金及定点医药机构的国家工作人员利用职务便利骗取医疗保障基金行为的定性。关于本条规定，需要说明以下几点：
（1）定点医药机构骗取医疗保障基金的行为属于诈骗。《全国人民代表大会常务委员会关于〈中华人民共和国刑法〉第二百六十六条的解释》规定：以欺诈、伪造证明材料或者其他手段骗取养老、医疗、工伤、失业、生育等社会保险金或者其他社会保障待遇的，属于刑法第二百六十六条规定的诈骗公私财物的行为。定点医药机构采用《意见》第5条所列行为，骗取医疗保障基金，依照刑法第二百六十六条的规定，以诈骗罪定罪处罚。
需要指出的是，《医疗保障基金使用监督管理条例》第十一条第一款规定：医疗保障经办机构应当与定点医药机构建立集体谈判协商机制，合理确定定点医药机构的医疗保障基金预算金额和拨付时限，并根据保障公众健康需求和管理服务的需要，与定点医药机构协商签订服务协议，规范医药服务行为，明确违反服务协议的行为及其责任。第十二条第一款规定：医疗保障经办机构应当按照服务协议的约定，及时结算和拨付医疗保障基金。第十三条第二款规定：医疗保障经办机构违反服务协议的，定点医药机构有权要求纠正或者提请医疗保障行政部门协调处理、督促整改，也可以依法申请行政复议或者提起行政诉讼。因此，医保定点服务协议是医疗保障部门为了实现医疗保障行政管理职能和公共服务目标，与定点医药机构协商一致订立的具有行政诉讼法上权利义务内容的协议。合同诈骗罪中的合同是平等市场主体之间订立的，具有市场经济交易关系的合同。定点医药机构利用医保定点服务协议，骗取医疗保障基金的，不构成合同诈骗罪。
（2）定点医药机构（单位）不能构成诈骗罪，对其组织、策划、实施人员，以诈骗罪定罪处罚。定点医药机构为谋取单位利益，由单位组织实施医保骗保犯罪，利益归单位所得，虽然符合单位犯罪的形式要件，但刑法并未规定单位可以构成诈骗罪的主体。《全国人民代表大会常务委员会关于〈中华人民共和国刑法〉第三十条的解释》规定：公司、企业、事业单位、机关、团体等单位实施刑法规定的危害社会的行为，刑法分则和其他法律未规定追究单位刑事责任的，对组织、策划、实施该危害社会行为的人依法追究刑事责任。因此，对涉案定点医药机构的组织、策划、实施人员，依法以诈骗罪定罪处罚。
（3）定点医药机构实施医保骗保犯罪所得，应依法予以追缴。虽不能追究定点医药机构（单位）犯罪的刑事责任，但对定点医药机构通过医保骗保犯罪获取的违法所得，应依据刑法第六十四条规定追缴。《意见》第5条第2款规定：定点医药机构通过实施前款规定的行为骗取的医疗保障基金应当予以追缴。
（4）定点医药机构的国家工作人员利用职务便利实施医保骗保犯罪行为的，以贪污罪定罪处罚。定点医药机构的国家工作人员，利用职务便利，骗取医疗保障基金的，依照刑法第三百八十二条、第三百八十三条的规定，以贪污罪定罪处罚。定点医药机构的国家工作人员与非国家工作人员勾结，骗取医疗保障基金的，依照《最高人民法院关于审理贪污、职务侵占案件如何认定共同犯罪几个问题的解释》的规定处理。
需要说明的是，有意见建议将定点医药机构及工作人员过度诊疗纳入《意见》第5条规定的犯罪手段。经研究，如何认定过度诊疗缺乏客观标准，难以达成一致意见，故未作规定，实践中可根据《意见》第4条第1款规定的要件，结合具体行为的社会危害性，稳妥认定是否构成医保骗保犯罪。实施《意见》第5条规定的医保骗保犯罪，同时构成诈骗罪和伪造、变造、买卖国家机关公文、证件、印章罪，伪造公司、企业、事业单位印章罪，虚开发票罪等其他犯罪的，从一重罪处罚。
3.关于行为人骗取医疗保障基金行为的定性
《意见》第6条规定，行为人以非法占有为目的，实施骗取医疗保障基金犯罪的，以诈骗罪定罪处罚；同时构成其他犯罪的，择一重罪处罚。本条规定的行为人既包括参保人，也包括非参保人、医药机构工作人员等。本条与《意见》第5条规定不同，第5条旨在规定定点医药机构（单位）实施医保骗保犯罪的处罚，第6条旨在规定自然人实施医保骗保犯罪的处罚。
需要注意的是，《国务院办公厅关于建立健全职工基本医疗保险门诊共济保障机制的指导意见》第五条规定：个人账户主要用于支付参保人员在定点医疗机构或定点零售药店发生的政策范围内自付费用，可以用于支付参保人员本人及其配偶、父母、子女在定点医疗机构就医发生的由个人负担的医疗费用，以及在定点零售药店购买药品、医疗器械、医用耗材发生的由个人负担的费用。探索个人账户用于配偶、父母、子女参加城乡居民基本医疗保险等的个人缴费。为明确罪与非罪界限，《意见》第6条第2款规定：参保人员个人账户按照有关规定为他人支付在定点医疗机构就医发生的由个人负担的医疗费用，以及在定点零售药店购买药品、医疗器械、医用耗材发生的由个人负担的费用，不属于前款第（2）项规定的冒名就医、购药。对职工基本医疗保险门诊共济保障机制的地方性规定，属于本款规定的“有关规定”。需要指出的是，门诊共济限于个人账户，冒用他人医疗保障凭证骗取医疗保障基金的，属于《意见》第6条第1款第（2）项规定的冒名就医、购药。
4.关于盗刷他人个人医保账户资金行为的定性
根据《国务院关于建立城镇职工基本医疗保险制度的决定》，基本医疗保险基金由统筹基金和个人账户构成。职工个人缴纳的基本医疗保险费，全部计入个人账户。用人单位缴纳的基本医疗保险费分为两部分，一部分用于建立统筹基金，一部分划入个人账户。个人账户的本金和利息归个人所有，可以结转使用和继承。因此，个人医保账户的资金性质上属于专款专用的个人财产，盗窃他人个人医保账户资金的，属于盗窃行为。《意见》第8条第2款规定：盗窃他人医疗保障凭证（社会保障卡等），并盗刷个人医保账户资金，依照刑法第二百六十四条的规定，以盗窃罪定罪处罚。
关于拾得他人医疗保障凭证，并使用医保个人账户资金行为的定性问题。起草过程中，有意见建议，参照最高人民检察院《关于拾得他人信用卡并在自动柜员机上使用的行为如何定性问题的批复》，拾得他人医疗保障凭证并使用个人账户资金的，按照诈骗罪处理。经研究，医保个人账户内本金和利息归个人所有，拾得他人医疗保障凭证并使用医保个人账户资金，是在他人不知情情况下，窃取他人医保个人账户内已有资金，构成盗窃罪。鉴于争议较大，《意见》未作规定。
5.关于非法收购、销售医保骗保购买药品行为的定性
根据调研情况，非法收购、销售医保骗保购买药品的行为形势十分严峻，一些犯罪分子组成犯罪团伙，倒卖医保骗保药品非法牟利，甚至指使、教唆、授意参保人员利用医保待遇虚开、多开药品后收购、销售，成为治理医保骗保违法犯罪的重要环节。如“两高”公布的医保骗保犯罪典型案例三陈某美、陈某英、孙某玉诈骗、掩饰、隐瞒犯罪所得案中，陈某英、孙某玉明知系利用医保骗保购买的药品而非法收购、销售，其行为构成掩饰、隐瞒犯罪所得罪。
由于医保骗保的药品质量本身没有问题，无法适用假药、劣药相关犯罪和妨害药品管理罪的规定。2022年3月3日，最高人民法院、最高人民检察院联合发布修订后的《关于办理危害药品安全刑事案件适用法律若干问题的解释》（以下简称《危害药品安全犯罪的解释》），其中第13条对此问题作了专门规定。根据各方意见，《意见》第9条参照《危害药品安全犯罪的解释》相关条文作了规定。关于本条，需要说明两点：
（1）关于定罪量刑数额标准。《危害药品安全犯罪的解释》第13条规定，明知系利用医保骗保购买的药品而非法收购、销售，金额5万元以上的，以掩饰、隐瞒犯罪所得罪定罪处罚。2021年4月13日，最高人民法院作出《关于修改〈关于审理掩饰、隐瞒犯罪所得、犯罪所得收益刑事案件适用法律若干问题的解释〉的决定》（修改后的解释简称《掩隐犯罪的解释》），明确2015年制定的《关于审理掩饰、隐瞒犯罪所得、犯罪所得收益刑事案件适用法律若干问题的解释》第1条第1款第（1）项、第2款和第2条第2款规定的数额标准不再适用；人民法院审理掩饰、隐瞒犯罪所得、犯罪所得收益刑事案件，应综合考虑上游犯罪的性质、掩饰、隐瞒犯罪所得及其收益的情节、后果及社会危害程度等，依法定罪处罚。鉴于《危害药品安全犯罪的解释》与《掩隐犯罪的解释》规定不一致，同时考虑下一步相关司法解释的修订，故《意见》第9条没有明确规定“金额5万元以上”，而表述为“依照刑法第三百一十二条和相关司法解释的规定”。《危害药品安全犯罪的解释》规定“金额5万元以上”是基于适当控制刑事打击面的考虑，属于司法解释对掩饰、隐瞒犯罪所得罪入罪标准的特殊规定，司法实践中，在相关司法解释修订前，对非法收购、销售利用医保骗保购买药品的行为，以掩饰、隐瞒犯罪所得罪定罪时，入罪标准仍应当把握“金额5万元以上”。需要明确的是，非法收购、销售的金额累计在5万元以上（既收购又销售的，金额以高者计）即构成犯罪，不必要求行为人获利金额5万元以上。
（2）关于行为人主观明知的推定及例外。实践中，倒卖医保骗保药品犯罪链条长，呈现出行为人“一对多”向参保人收购药品的特点，行为人与参保人微信、电话等非接触式沟通，通过邮寄实现药品流转，加上行为人具有一定的反侦查能力，有意销毁、藏匿证据，造成案件取证困难，尤其是证明行为人主观明知的证据难以收集。有的案件中，已经抓获行为人，但无法查证出售药品的参保人，面临如何认定事实的难题。因此，有必要规定推定行为人明知。根据调研情况和有关部门建议，《意见》第9条第3款规定，对行为人主观明知，应当根据药品标志、收购渠道、价格、规模及药品追溯信息等综合认定。同时，列举了5种常见的推定行为人主观明知的情形及兜底规定。推定是基于司法实践的经验总结，不能等同于认定，为准确认定犯罪事实，严格区分罪与非罪，同时规定，行为人能够说明药品合法来源或作出合理解释可以除外。考虑刑事诉讼的被告人不承担证明自己无罪的责任，故《意见》规定“行为人能够说明药品合法来源”而不是规定 “行为人能够证明药品合法来源”。行为人提出药品有合法来源的，应当予以说明并提供核查线索，行为人说明的来源不合法或无法查证的，且具有所列情形之一的，仍可推定其具有主观明知。
（三）依法惩处医保骗保犯罪
本部分强调依法从严惩处医保骗保犯罪，重点打击幕后组织者、职业骗保人等，明确从严从重处罚和从宽处罚的情形，强化全链条惩治医保骗保相关犯罪，加大财产刑适用力度，规范罚金刑适用，从严掌握缓刑适用，统一法律适用标准和司法裁判尺度。
1.关于依法从严惩处
《意见》第10条规定：依法从严惩处医保骗保犯罪，重点打击幕后组织者、职业骗保人等，对其中具有退赃退赔、认罪认罚等从宽情节的，也要从严把握从宽幅度。具有下列情形之一的，可以从重处罚：（1）组织、指挥犯罪团伙骗取医疗保障基金的；（2）曾因医保骗保犯罪受过刑事追究的；（3）拒不退赃退赔或者转移财产的；（4）造成其他严重后果或恶劣社会影响的。《意见》第11条规定，办理医保骗保刑事案件，要同步审查洗钱、侵犯公民个人信息等其他犯罪线索，实现全链条依法惩治。
2.关于区别对待、区别处理原则
《意见》第12条规定了区别对待、区别处理原则。要综合考虑行为人骗取医疗保障基金的数额、手段、认罪悔罪、退赃退赔等案件具体情节，依法决定是否追究刑事责任。对于涉案人员众多的，要根据犯罪的事实、犯罪的性质、情节和对于社会的危害程度，以及在共同犯罪中的地位、作用、具体实施的行为区别对待、区别处理。对涉案不深的初犯、偶犯要从轻处罚，对认罪悔罪、积极退赃退赔的医务人员及因长期治疗疾病导致经济困难，偶尔骗取医疗保障基金的患者及家属，要充分体现宽严相济刑事政策，从宽处罚；犯罪情节轻微的，依法不起诉或免除处罚；情节显著轻微、危害不大的，不作为犯罪处理。
3.关于缓刑禁止令和从业禁止
刑法第七十二条第二款规定：宣告缓刑，可以根据犯罪情况，同时禁止犯罪分子在缓刑考验期限内从事特定活动，进入特定区域、场所，接触特定的人。人民法院审理医保骗保刑事案件，对宣告缓刑的犯罪分子，根据案件情况，可以同时禁止其在缓刑考验期限内从事与医疗保障基金有关的特定活动。
起草过程中，就人民法院审理医保骗保刑事案件是否适用刑法第三十七条之一规定的从业禁止，有较大争议。经研究，刑法第三十七条之一第三款规定“其他法律、行政法规对其从事相关职业另有禁止或者限制性规定的，从其规定”，从业禁止是针对利用职业便利实施犯罪的再犯特殊预防性刑事措施，具有补充性，在其他法律、行政法规对从事相关职业另有禁止或者限制性规定的，应当从其规定。不仅从业禁止的期限要依照有关法律、行政法规的规定，而且给予从业禁止的主体、条件等也应当依照有关法律、行政法规的规定。简言之，如果其他法律、行政法规对受到刑事处罚的人有从业禁止规定的，人民法院不再判处从业禁止；没有规定的，人民法院可判处从业禁止。值得注意的是，最高人民法院、最高人民检察院、教育部《关于落实从业禁止制度的意见》（法发〔2022〕32号）第3条第1款规定：教职员工实施性侵害、虐待、拐卖、暴力伤害等犯罪的，人民法院应当依照未成年人保护法第六十二条的规定，判决禁止其从事密切接触未成年人的工作。该规定是基于对未成年人的优先、特殊保护需要和未成年人保护法，作出的特别规定。《医疗保障基金使用监督管理条例》第四十三条规定：定点医药机构违反本条例规定，造成医疗保障基金重大损失或者其他严重不良社会影响的，其法定代表人或者主要负责人5年内禁止从事定点医药机构管理活动，由有关部门依法给予处分。故《意见》未再规定从业禁止。
4.关于财产刑适用
《意见》第14条强调加大对医保骗保犯罪的财产刑适用，提高医保骗保犯罪成本，从经济上严厉制裁犯罪分子，彻底剥夺其再犯罪能力。财产刑的具体适用，要综合考虑犯罪数额、退赃退赔、认罪认罚等情节决定罚金数额。
（四）切实加强证据的收集、审查和判断
本部分规定公安机关、人民检察院、人民法院应当依照各自职责，强化对医保骗保刑事案件证据的收集、审查和判断，明确医疗保障行政部门收集的证据在刑事诉讼中的证明效力，以及医保骗保犯罪涉案财物的调查取证、追赃挽损等内容，确保最大程度减少医疗保障基金损失，最大限度维护人民群众利益。
1.关于医疗保障行政部门行政执法证据的效力
《医疗保障基金使用监督管理条例》规定了医疗保障行政部门的执法监督权和调查权。实践中，对医疗保障行政部门执法监督和调查中收集的证据能否作为刑事诉讼的证据存在争议，而相关证据对案件处理起重要作用，有必要予以明确。《最高人民法院〈关于适用中华人民共和国刑事诉讼法〉的解释》第75条规定：行政机关在行政执法和查办案件过程中收集的物证、书证、视听资料、电子数据等证据材料，经法庭查证属实，且收集程序符合有关法律、行政法规规定的，可以作为定案的根据。根据法律、行政法规规定行使国家行政管理职权的组织，在行政执法和查办案件过程中收集的证据材料，视为行政机关收集的证据材料。据此，《意见》第18条规定：医疗保障行政部门在监督检查和调查中收集的物证、书证、视听资料、电子数据等证据材料，经法庭查证属实，且收集程序符合有关法律、行政法规规定的，可以作为定案的根据。需要注意的是，本条规定的证据种类原则上仅限于物证、书证、视听资料、电子数据。此外，上述证据作为定案的根据，还需要经法庭查证属实，且收集程序符合法律及《医疗保障基金使用监督管理条例》等行政法规的规定。
2.关于抽样取证
实践中，有的医保骗保犯罪涉及大量参保人，有的犯罪通过无接触方式实施，在其他证据足以认定犯罪数额等事实情况下，要求逐一向证人调取证言既不现实也无必要。故《意见》第19条规定：办理医保骗保刑事案件，确因证人人数众多等客观条件限制，无法逐一收集证人证言的，可以结合已收集的证人证言，以及经查证属实的银行账户交易记录、第三方支付结算凭证、账户交易记录、审计报告、医保信息系统数据、电子数据等证据，综合认定诈骗数额等犯罪事实。需要注意的是，只有确因客观条件限制，无法逐一收集证人证言且其他客观证据能够认定诈骗数额等相关事实的，才适用抽样取证。
3.关于等值追缴
行为人实施医保骗保犯罪所得一切财物，属于违法所得，依法应当追缴或责令退赔。为切实有效追回医疗保障基金，《意见》第21条规定了等值追缴原则。适用本条需要具备三个条件：一是依法查明存在违法所得及其数额，证据要确实、充分；二是要有证据证明存在依法应当追缴的财产且无法查明去向，或者价值灭失，或者与其他合法财产混合且不可分割；三是等值财产的追缴数额严格限定于依法查明应当追缴的违法所得数额，对已经追缴或者退赔的部分应予扣除。人民法院在执行涉案财物过程中，公安机关、人民检察院及有关职能部门应当配合，切实履行协作义务，综合运用多种手段，做好涉案财物清运、财产变现、资金归集和财产返还等工作，最大程度减少医疗保障基金损失，最大限度维护人民群众利益。
（五）建立健全协同配合机制
本部分就规范健全医保骗保犯罪行刑衔接机制，强化能动履职，推进医保骗保违法犯罪系统治理、源头治理，健全完善防范医保骗保违法犯罪长效机制作出规定。
1.关于加强协作配合
《意见》第23条规定，医疗保障行政部门在调查医保骗保行为或行政执法过程中，商请就追诉标准、证据固定等问题提出咨询或参考意见的，公安机关、人民检察院应当及时提出意见。《意见》第25条规定，公安机关、人民检察院、人民法院在办理医保骗保刑事案件时，可商请医疗保障行政部门或有关行政主管部门指派专业人员配合开展工作，协助查阅、复制有关专业资料或核算医疗保障基金损失数额，就案件涉及的专业问题出具认定意见。
2.关于建立健全相关机制
一是完善双向移送机制。《意见》第23条规定，公安机关对医疗保障行政部门移送的犯罪线索要及时调查，涉嫌犯罪的及时立案侦查。公安机关、人民检察院、人民法院对不构成犯罪、依法不起诉或免予刑事处罚的医保骗保行为人，需要给予行政处罚、政务处分或者其他处分的，应当依法移送医疗保障行政部门等有关机关处理。《意见》第24条规定，公安机关、人民检察院、人民法院应当将医保骗保案件处理结果及生效文书及时通报医疗保障行政部门。
二是完善信息共享机制。《意见》第24条规定，公安机关与医疗保障行政部门要加快推动信息共享，构建实时分析预警监测模型，力争医保骗保问题“发现在早、打击在早”，最大限度减少损失。
3.关于延伸办案职能作用
《意见》第26条强调，要落实“抓前端、治未病”要求，坚持治罪与治理并重，强化法治宣传教育，做好法律政策宣讲、引导，充分揭露医保骗保犯罪的手段、社会危害性，推动人民群众知法、守法、护法，共同维护医疗保障基金安全。结合办理案件发现的医疗保障基金使用、监督、管理方面存在的问题，通过“三书一函”助力有关部门堵塞漏洞，加强监管。
（六）其他需要说明的问题
《意见》规定的分解住院、挂床住院、串换药品等行为方式来源于《医疗保障基金使用监督管理条例》，司法实践中，不宜过分拘泥于相关概念的含义，是否认定为骗取医疗保障基金的行为应结合《意见》第4条的规定，是否采用欺骗手段，是否以骗取医疗保障基金为目的及相关行为的社会危害性，稳妥认定是否构成医保骗保犯罪。根据司法实践情况，分解住院一般是指定点医药机构短时间内为患者重复办理住院，将本应一次完成的治疗分解为二次以上住院治疗；挂床住院一般是指参保患者未实际住院或进行治疗；串换药品、医药耗材、诊疗项目和服务实施一般是指将不属于医疗保障基金支付范围的药品、耗材、项目等进行医保报销，或者将低标准收费项目以高标准收费项目进行医保结算。
医保骗保犯罪专业性较强，各级人民法院、人民检察院、公安机关在执行《意见》过程中遇到的重大问题，应及时分别报告最高人民法院、最高人民检察院、公安部。
来源：人民司法杂志社 ，作者陈鸿翔等"
2024年国家基本医疗保险、工伤保险和生育保险药品目录调整通过初步形式审查的药品名单公示情况解读,2024-08-07,https://www.nhsa.gov.cn/art/2024/8/7/art_105_13498.html,"根据2024年国家基本医疗保险、工伤保险和生育保险药品目录（以下简称国家医保药品目录）调整工作安排，在相关部门的支持下，国家医保局近期对申报药品进行了初步形式审查，并对通过审查的药品和信息进行了公示。现就有关工作情况解读如下。
一、初步形式审查的作用和意义
形式审查是对申报药品是否符合当年国家医保药品目录调整申报条件以及药品信息完整性进行的审核。根据工作安排，形式审查主要分为初审、初审结果公示、复审、复审结果公告四个步骤。本次公示的内容即为今年的初审结果。一个药品通过初步形式审查，只代表其符合申报条件，具备了参与目录调整的资格，不代表其已经进入了国家医保药品目录。
按照《基本医疗保险用药管理暂行办法》，国家医保药品目录调整实行企业申报制。国家医保局根据当年的国家医保药品目录调整工作方案，按程序确定申报条件和要求，各申报主体自愿申报。对药品申报资料进行形式审查，一方面可以确保申报的药品符合申报条件，另一方面对申报资料的完整性、规范性进行审核，并根据工作需要就一些资料的真实性向有关方面进行核实，有利于使后续阶段提供给专家的信息的准确性完整性更有保障。同时，为确保目录调整公开透明，我们对通过初步形式审查结果的药品和部分信息进行公示，也是主动接受监督的一种方式，欢迎社会各界提出宝贵意见和建议。
二、通过初步形式审查是否意味着已被纳入国家医保药品目录？
按照《基本医疗保险用药管理暂行办法》和《2024年国家基本医疗保险、工伤保险和生育保险药品目录调整工作方案》（以下简称《工作方案》），医保药品目录调整分为企业申报、形式审查、专家评审、谈判竞价等环节，形式审查只是其中之一。一个药品通过了初步形式审查，并不表示其已进入医保目录，仅代表经审核该药品符合相应的申报条件，初步获得了参加下一步评审的资格。
三、2024年国家医保药品目录调整的企业申报和初步形式审查与去年相比有什么变化？
2024年7月1日9时至7月14日17时，共收到企业申报信息626份，涉及药品（通用名，下同）574个。经审核，440个药品通过初步形式审查。与2023年相比，申报药品数量有所增加。
四、如何看待一些目前市场价格较为昂贵等明显超出基本医保保障范围的药品通过了初步形式审查？
自成立以来，国家医保局坚决贯彻党中央、国务院决策部署，始终牢牢把握基本医保“保基本”的功能定位，坚持尽力而为、量力而行，实事求是地确定保障范围；始终坚持稳健可持续，将医保基金和参保群众的承受能力作为目录调整工作的基础，通过准入谈判等方式大幅降低独家药品的价格；始终聚焦群众基本医疗需求和临床技术进步间的平衡，提升可及性，维护公平性。有一些价格较为昂贵等明显超出基本医保保障范围的药品通过了初步形式审查，仅表示该药品符合申报条件，获得了进入下一个环节的资格。这类药品最终能否进入国家医保药品目录，还需要经严格评审程序，然后独家药品需谈判、非独家药品需竞价，只有谈判或竞价成功后才能最终被纳入目录。
五、本次公示后将会如何开展工作？
下一步，我们将根据公示期间收到的反馈意见，进一步核实相关信息，确定最终通过形式审查的药品名单，并向社会公布。随后，我们将按照《工作方案》要求，推进专家评审、谈判竞价等后续工作。"
国家医保局发文简化注射剂挂网形式 促进注射剂挂网价更加均衡透明,2024-08-04,https://www.nhsa.gov.cn/art/2024/8/4/art_105_13468.html,"近日，国家医保局办公室印发了《关于规范注射剂挂网工作的通知》（以下简称《通知》），要求各地简化注射剂挂网方式，统一按最小制剂单位挂网，并做好挂网方式切换前后的价格协同、风险防范等工作。
《通知》规定，注射剂统一按最小制剂单位挂网，不再需要企业按照实际包装重复申报挂网。以长春西汀注射剂为例，同时有1支/盒、6支/盒和10支/盒三种包装形式，过去按照实际包装挂网需要企业分别申报，后续增加新的包装形式也要重复履行申报挂网的流程。新政策落地后，企业只需以支为单位申报1次挂网，各种包装形式的产品均可以正常挂网供应。
《通知》要求，各地要做好挂网方式切换前后的价格协同。按照常识，相同成分相同规格相同厂家的注射剂，每盒包装多少支，折算到每支价格上不应存在明显差异。然而，从监测情况看，部分产品包装数量的倍数关系与价格倍数关系显失合理。以某企业的碳酸氢钠注射液（10ml:0.5g）为例，5支/盒的挂网价格为6元，10支/盒的挂网价格为135元，分别折算每支的价格相差超11倍。究其原因，有的是过去企业利用地区间信息差，变换包装变相涨价形成的不公平高价、歧视性高价，要求地方及时清理；有的是药品通过“质量和疗效一致性评价”，过评前后高价低价并存的价格矛盾，要求地方做好协同，既要实事求是地回应成本和品质变化，也要引导企业合理定价，不能“漫天要价”。
《通知》提出，对于挂网价潜在风险的注射剂，按照新挂网价与历史挂网价的差异程度，分别采取黄标和红标管理，建议或要求医疗机构优先采购价格风险更低的厂牌。主要目的是结合注射剂挂网方式切换过程中暴露出的典型价格风险，在坚持市场调节价政策的基础上，探索更好发挥政府作用引导企业公平定价的有效方式。
2023年8月以来，国家医保局启动实施挂网药品价格治理。在统一挂网药品价格数据信息、落实分区管理、推进互联互通的基础上，针对同一药品省际间挂网价格差异悬殊、同药不同包装规格价格差异远超合理范围、过评药短缺药人为操纵过度涨价多发频发等影响公平统一的市场环境、侵害群众利益的问题，指导各省医保局开展“四同”药品价格协同治理，消除了一大批不公平高价、歧视性高价，取得了阶段性成效。此次印发《通知》，既是简化注射剂挂网形式，为企业提供更加便捷高效的挂网服务，同时也将促进注射剂挂网价更加均衡透明，推动药品挂网价格专项治理工作向纵深发展。
链接：国家医疗保障局办公室关于规范注射剂挂网工作的通知"
《关于健全基本医疗保险参保长效机制的指导意见》政策解读,2024-08-01,https://www.nhsa.gov.cn/art/2024/8/1/art_105_13436.html,"1.为什么要出台《关于健全基本医疗保险参保长效机制的指导意见》？
党的十八大以来，我国基本医保参保率持续稳定在95%，参保质量持续提升，参保结构更加优化，全民参保成果得到进一步巩固。其中，居民医保以个人缴费和政府补助共同作为筹资来源，覆盖9亿多参保人，成为发展中国家解决病有所医、医有所保的典范，得到国际社会的高度赞誉。绝大多数群众都能够连续参保，为制度可持续运行作出了重要贡献。
但是，在制度运行过程中，仍然存在一些问题。一是常住地参保仍有堵点。在城镇化深化的背景下，人口跨区域频繁流动，“七普”统计显示，全国流动人口达到3.75亿人，其中跨省流动人口约为1.25亿人，广大群众对基本医保参保服务更加便捷的需求迫切，越来越多的群众希望在常住地参保。《指导意见》积极回应群众诉求，对就近便捷参保作出了针对性安排。
二是筹资待遇政策仍需完善。由于医疗费用持续上涨，居民医保个人缴费标准连续上涨，参保群众希望完善居民医保筹资机制；部分群众缺乏共济意识，身体健康时不愿参保，生病时选择性参保，或中青年不参保，只给看病多花钱多的老人小孩参保。另外，连续参保群众迫切希望得到一定激励，每年没病的人员也希望获得一定政策倾斜。此次《指导意见》积极回应群众的合理诉求，有针对性地完善筹资和待遇政策，更好维护全体参保人的利益。
三是参保工作机制仍需健全。随着全国统一的医保信息平台全面建成投入使用，重复参保治理深入推进，全国参保数据质量持续提升，但各地参保动员一线工作人员还是强烈希望能够更加及时实现部门数据共享，健全部门协同机制。《指导意见》针对工作协同中存在的问题，着力强化数据共享机制、部门协同机制、参保缴费服务、宣传动员机制，为实现更加精准扩面提供坚实的基础支撑。
2.《关于健全基本医疗保险参保长效机制的指导意见》包括哪些内容？有什么特点？
《指导意见》坚持以人民为中心的发展思想，强化部门联动，加快补齐短板，分类精准施策，优化参保结构，提高参保质量，在高质量发展中增进民生福祉，切实解决好群众看病就医的后顾之忧。主要特点：一是聚焦重点。在参保制度上，重点聚焦健全城乡居民医保，创新提出一系列有效有力的工作机制，并放开放宽参保的户籍限制。二是着眼长效。对部门信息共享、协同推动参保扩面、控制医疗费用不合理上涨作出了制度性安排。三是重视激励。连续参保有激励，没看病没花医保基金的有奖励，为断保后的变动待遇等待期提供了修复机制，职工医保个人账户共济的范围扩大，鼓励有条件的地区加强门诊保障等。
主要内容有：一是完善激励约束机制。提出对居民医保连续参保人员和基金零报销人员分别提高大病保险最高支付限额，对未在居民医保集中参保期内参保或中断缴费人员再参保的待遇等待期进行了明确，并为修复变动待遇等待期提供了途径，这是居民医保制度的重要完善。二是健全精准扩面机制。在全国推进建设“一人一档”全民参保数据库，助力各地精准参保扩面。三是完善宣传动员机制。广泛动员各单位，创新形式，丰富载体，营造良好参保氛围。四是强化部门协同机制。进一步明确政府相关部门在参保工作中的职责，强化工作联动。五是完善信息共享机制。依托大数据、政务服务数据平台推进信息共享，各部门协同推动参保扩面工作。六是建立组织领导机制。把坚持和加强党的领导贯穿到参保各方面，各有关部门要按照职责分工，强化系统联动。七是完善资金保障机制。各地区按规定落实经费保障政策。有条件的地区可根据参保计划完成情况及参保质量等情况给予激励，充分调动基层积极性。
3.《关于健全基本医疗保险参保长效机制的指导意见》出台后，参加基本医保有哪些重大利好？
《指导意见》针对问题，明确了强化常住地参保、健全激励约束、完善筹资政策、健全精准扩面、强化宣传动员、强化部门联动、保障资金支持等机制，发布后，参保人可以享有五大红利：分别是“放”，即进一步放开放宽参保的户籍限制，让中小学生、学龄前儿童可以在常住地参保。提出超大城市要取消灵活就业人员、农民工、新就业形态人员参加职工医保的户籍限制。“扩”，即扩大职工医保个人账户共济范围，由家庭成员扩展到近亲属。“提”，即连续参加居民医保人员提高大病保险最高支付限额。“奖”，即建立居民医保基金零报销人员的奖励机制，次年提高大病保险最高支付限额。“便”，即更加方便参保人员就近享受医疗服务，推动更多村卫生室纳入医保定点并直接结算，推动集采药品在基层落地。
4.国家为什么要鼓励居民参加基本医保？参加基本医保有什么好处？
目前，我国全民医保基本实现，建成了世界上最大的基本医疗保障网。国家鼓励居民参加基本医保，是为了维护全体居民的健康权益。基本医保不分年龄、不论病史地为广大群众提供了基本、可靠和安全的医疗保障，确保广大群众能够及时就医，医疗费用能够得到分摊，还能够在大病时获得救助，参加基本医保能有效防范“因病致贫、因病返贫”风险。
我国的居民医保好处多，具体体现在：一是成本低，我国居民医保2023年度缴费标准为不低于380元，平均每天1块多钱，每月30多元，群众能用低成本获取对自己健康的保障；二是补助面广，所有参保群众都能享受国家财政补助，参保是自己交小头（380元），国家补大头（640元），每年财政补助达到6000多亿元，对于生活困难的群众，国家资助参保每年超过8000万人；三是抵御疾病风险有优势，2023年参加居民医保人员平均住院率20.7%，而2023年全国居民医保次均住院费用三级医院、二级医院、一级医院分别为12765元、6205元、2943元，报销金额三级医院、二级医院、一级医院分别为6648元、3944元、2172元，居民平均报销金额为4437元，10年居民医保参保费用加起来都不及一次住院费用的报销；四是综合保障有优势，参加居民医保后不仅享受基本医保门诊报销、门慢特病报销、住院报销，还能同时享受大病保险，很多地方居民就医自付金额达到一万五千元以上，医保就自动启动大病保险费用分担，因大病住院无需申请自动报销，所以很多居民有收益却没感觉，困难人员还可以享受医疗救助；五是医疗保障服务好，除特殊情况外，参保人已无需拿着一堆票据来回奔波进行手工报销，在医药机构可以享受直接结算的便捷，可异地就医，只需线上或线下提前备案，即可在外地就医，可异地参保，越来越多的地方放开参保户籍限制，大家可以凭居住证在常住地参加居民医保。
5.有的青壮年认为自己身体好，没有必要参加基本医保，这种想法正确吗？
基本医保是一种社会保险，首先具有保险的属性，是用来防范风险的。虽然有的青壮年自我感觉身体健康，但是疾病的发生往往具有不确定性，而青壮年往往是家庭经济的顶梁柱，自己要是因病倒下，家庭将会面临很大困难。疾病风险每个群体都会面对，据卫生健康统计年鉴公布的数据，2018年25-34岁的住院率为11.1%，大约每9个人就有1个人在一年内住院治疗，次均住院费用也有7000多元，更不用说得大病，一旦生病会给个人、家庭带来沉重的经济负担，基本医保能够防范风险、减轻经济压力。另外，基本医保还具有社会化的属性，医保制度是社会互助的一种体现，当前身体健康的群众虽然暂时花费少，但是可以共济给需要的群众，自己老了病了的时候也需要社会的共济，大家共同参与到医保制度的运转中，共同分担风险，今天我为人人，明天人人为我，保障整个社会的健康。因此，不论现在身体是否健康，按时参加医保都是明智且必要的选择。
6.文件对在常住地和就业地参保有什么新规定？
儿童参保方面，虽然现在绝大多数地区已经放开外地户籍限制，中小学生、学龄前儿童可在常住地参保，但是仍然存在参保流程不畅等问题，而且还有极少数超大城市没有放开儿童参保的户籍限制，因此文件提出要推动外地户籍中小学生、学龄前儿童在常住地参保工作，确保我国儿童及时便捷参保，能够就近享受医保待遇。
灵活就业人员参保方面，此次文件提出灵活就业人员在就业地参加职工医保工作，是通过落实持居住证参保政策规定，更好保障灵活就业人员就地就近参加职工医保的权益。在现行政策下，灵活就业人员可以参加职工医保，也可以参加居民医保。
7.大家都很关心职工医保个人账户里的钱能不能给家里人用，请问《指导意见》出台后，职工医保个人账户家庭共济有什么新规定？
职工医保个人账户里的钱可以给家里人用，“家庭共济能参保，帮助老人帮助小”。此次文件的出台，不仅肯定了职工医保个人账户共济的做法，还进一步优化了原本的个人账户共济政策。一是共济范围进一步扩大到近亲属。文件规定，职工医保个人账户可以用于本人近亲属缴纳居民医保的费用。其中按照《民法典》规定，近亲属包括配偶、父母、子女、兄弟姐妹、祖父母、外祖父母、孙子女、外孙子女。不仅如此，如果这些近亲属是参保人，还可以在报销医疗费用时，使用关联的职工医保参保人的个人账户资金。二是共济地域进一步扩大，今年年底前将力争实现所有省份省内跨统筹区个人账户共济，明年将加快探索推动跨省个人账户共济。需要说明的是，职工医保个人账户里的钱可以共济，但是卡（码）不能共用。
8.《指导意见》对困难群众有什么帮扶政策？
《指导意见》十分重视对困难群众的帮扶，提出对特困人员、最低生活保障对象、符合条件的防止返贫监测对象等困难群众参保按有关规定给予分类资助。过去3年，全国医疗救助资助参保人数一直稳定在8000万人以上，如果加上其他部门资助的参保人数，就有接近1亿的人员享受到了各类参保资助，这里面特困人员享受全额资助参保，实际上就是“免缴费”，最低生活保障对象、符合条件的防止返贫监测对象享受定额资助，实际上就是“部分缴费”。国家通过医疗救助的托底政策，对困难人员参保切实给予保障。
9.《指导意见》是如何加强居民医保参保人员的门诊保障的？
我国基本医保普遍建立了门诊统筹，包括两个方面，一是门诊慢特病保障，比如常见的高血压、糖尿病以及肿瘤门诊放化疗、透析等，参保人只需要按照参保地规定进行门诊慢特病资格认定后就可以享受，报销一般参照住院执行；二是普通门诊统筹，普通门诊统筹按费用而非病种对门诊医疗费用进行保障，居民医保主要依托基层医疗机构开展服务，报销比例从50%起步。2023年，全国居民医保门诊慢特病待遇享受人次为3.4亿人，享受门急诊待遇达20.8亿人次。政策出台后，我们鼓励有条件的地区把居民医保每年新增筹资的一定比例用于加强门诊保障，提高居民门诊待遇，提高群众的医保获得感，进一步实现“门慢门特有保障，门诊治疗更安心”。
10.为什么要设置居民医保的连续参保激励政策？
与职工医保相比，居民医保非强制参保，自建立以来激励机制相对欠缺。对连续参保、没有生病、没有发生医保报销的群众缺少激励政策。这次文件提出建立居民医保的参保激励政策，实施分类施策，鼓励参保人员自我健康管理，鼓励连续参保。需要说明的是，连续参保激励和基金零报销激励每年分别可以奖励至少1000元大病保险最高支付限额，累计提高额度每年最少可达到2000元。可以说“连续参保有奖励，一年能奖两千几，集中参保别错过，错过奖励就没咯，断保再续划不来，补齐欠缴还等待。”
11.基金零报销激励，是当年没使用过医保基金还是没使用过大病报销？
指导意见提出，基金零报销激励，奖励的是当年没有使用过医保基金的居民医保参保群众，即没有使用过医保基金报销，包括门诊、住院在内的所有的医疗费用，才能在下一年享受报销激励。基金零报销激励每年可以享受不低于1000元的大病保险奖励额度，各地可以根据当地情况适当提高奖励额度。
12.为什么连续参保激励、基金零报销激励奖励的是大病保险最高支付限额？
因为对参保群众来说，大病是最容易导致因病致贫、因病返贫的。只要连续参保、基金零报销，每年都可以享受增加后新的大病保险额度，等于每年额外获得超过2000元的大病保险保障额度。使用了大病保险的奖励额度后，零报销激励额度才会清零，重新计算。
13.奖励额度清零时，是针对所有的奖励额度吗？
使用大病保险的奖励额度后，只有零报销奖励额度清零，不针对连续参保激励，只要连续参保并参加居民医保满4年，就一直可以享受连续参保这个激励。如果中断参保，前期连续参保积累的年限自动清零，再参加居民医保时，年限需要重新计算。前期积累的奖励额度继续保留。
根据指导意见精神，如果当年发生了大病报销并使用了奖励额度，那么前期积累的零报销奖励额度就会被清零，第2年重新开始计算零报销奖励额度。
14.为什么专门设定居民医保非集中征缴期缴费和断缴人员的等待期？
医保制度设置待遇等待期是适应我国国情的需要。与很多国家的社会保险采取强制参保不同，我国居民医保当前还不是强制参保，设置等待期实际上是对所有参保人的保护。如果不采取必要的保护措施，就可能有部分人员选择性参保缴费，在健康时不参保不缴费不做贡献，在生病时参保缴费享受别人的贡献，这对其他参保群众来说是极不公平的。自感生病了再参保，用几百元的缴费，平均报销4437元，就意味着一个人一次住院就占了其他10多个人的便宜，严重损害全体参保人的权益。因此着眼制度长期可持续，需要对断缴人员和未按时参保人员设定待遇等待期，在等待期里发生的医疗费用，医保将不予报销。而且这一规定有广泛的实践基础，大多数的医保统筹地区已在居民医保制度实践中对断缴人员和没有在集中参保期缴费人员设置了待遇等待期。
15.为什么不允许断保后再参保修复固定待遇等待期？
如果可以修复固定待遇等待期，就相当于允许生病后再缴费，缴费后就可以马上享受待遇，这样就会增加选择性参保风险，让选择参保的群众利用对自身健康状况的信息优势，享受别人缴费对自己的贡献，这对绝大多数遵守规定、正常连续参保人员来说非常不公平。如果允许在彩票开奖后继续购买本期彩票，把一个不确定性的事情变成了确定性事件，那么先买者都成了付出者，而后买者全部都是受益者，显然这种模式是不可能运转下去的。如果大家都在彩票开奖后才买彩票，那必然中奖金额大幅低于投资金额，是一个铁定损失的事情。
如果不设置待遇等待期，就会越来越多的人选择在生病后才参保，花几百元的钱，报销上万元甚至几十万元的医保基金，最终损害的将是全体参保人的利益。
16.出台居民医保待遇等待期的政策后，2025年以前没参保的群众是否受影响？
不会受到影响，待遇等待期政策是从2024年缴费参加2025年基本医保起开始执行，即使以前没参保，只要从2024年年底起每年都在集中征缴期参加居民医保，就不会有待遇等待期。如果原来正常参保，但是2024年年底集中征缴期没有参保缴费，那2025年就会有待遇等待期。所以，希望大家还是按时按规定参保。
17.群众关心的缴费标准到底怎么定？
完善居民医保筹资政策是医保改革发展的一个重要任务，国家医保局、财政部正在抓紧研究相关政策，政策确定后我们会及时出台专门的文件。完善筹资机制的方向是确定的，就是推进居民医保缴费与社会经济发展水平、居民人均可支配收入挂钩，保持财政补助和个人缴费合理的比例结构。
需要特别说明的是，居民医保自制度建立以来，财政补助就一直是重要的资金来源，去年各级财政对居民医保的补助资金达到6000亿元，人均财政补助标准达到640元。随着国家财力的增强，补助标准还会提高。可以说“个人每天一块一，享受财政六百七”，居民医保对个人来说是性价比非常高的制度。
18.国家将如何推动参保宣传？
根据《指导意见》，每年9月份开展基本医保参保集中宣传活动，广泛发动各级医保部门、定点医药机构等，创新宣传形式，讲好医保故事，做好参保宣传动员。同时积极依托社会力量，培养一批懂医保、有热情的宣讲员、形象大使。
19.促进新生儿参保还有哪些新举措？
《指导意见》提出，各级医保部门将与公安、卫生健康、人社部门配合，推动落实出生医学证明、户口登记、医保参保等“出生一件事”，让新生儿出生即可办理医保参保，简化流程，很多地方已经实现在医院就地办理医保参保。
20.如何改善就医体验，提高参保获得感？
改善参保群众就医体验，是提高参保获得感的重要支撑。《指导意见》作出了一系列安排，提升“两个体系”，强化“一个管理”。
一是健全医疗卫生服务体系。现在三级医疗机构服务网络总体上比较健全，重点在提升基层服务能力。下一步，要将自愿申请且符合条件的村卫生室及时纳入医保结算范围，同时推动村卫生室合理配备药品，让群众在家门口就方便地就医购药。
二是健全医保经办服务体系。健全省、市、县、乡（街道）、村（社区）五级经办服务体系，大力推进医保领域高效办成一件事。积极推广医保码和移动支付等线上服务。要丰富参保缴费方式，拓展个人缴费及纳入医保结算的医药费用查询渠道，为参保人员提供线上线下多样化、便捷化的参保缴费等服务。鼓励在商业银行、商业保险机构等设置医保服务网点，延伸医保公共服务网络。
三是加强定点医药机构管理，合理控制医疗费用增速，减轻群众看病就医负担。加大力度打击欺诈骗保，帮群众管好、用好医保基金，让医保基金真正用于群众看病买药。"
《关于加快推进村卫生室纳入医保定点管理的通知》政策解读,2024-07-31,https://www.nhsa.gov.cn/art/2024/7/31/art_105_13399.html,"为加大医保基金对乡村医疗卫生体系的支持，规范村卫生室医保服务协议管理，推动更多村卫生室纳入医保定点管理，近日，国家医保局联合国家卫生健康委印发了《关于加快推进村卫生室纳入医保定点管理的通知》。
一、背景情况
村卫生室作为最基层的医疗机构，是农村医疗卫生服务体系的基础，是农村居民看病就医的第一站，也是实现医疗保障服务的“最后一公里”。2023年2月，中共中央办公厅、国务院办公厅印发了《关于进一步深化改革促进乡村医疗卫生体系健康发展的意见》，明确积极通过乡村一体化管理实现村卫生室医保结算，在有条件的地方支持将符合条件的村卫生室纳入医保定点管理。2024年2月，中央一号文件明确加快将村卫生室纳入医保定点管理。2024年5月，国家医疗保障局印发了《关于进一步推广三明医改经验持续推动医保工作创新发展的通知》，明确发挥医保基金导向作用，进一步支持基层医疗卫生服务体系建设，逐步提高资源配置和服务均衡性，引导患者在基层就医，支持将符合条件的村卫生室纳入医保定点，方便农村居民就医。
为落实党的二十大和二十届二中、三中全会精神，促进优质医疗资源扩容下沉和区域均衡布局，强化基层医疗卫生服务，推动更多村卫生室纳入医保定点管理，实现好、维护好、发展好最广大人民根本利益，国家医保局联合国家卫生健康委制定印发了《关于加快推进村卫生室纳入医保定点管理的通知》（以下简称《通知》），指导各地按照“创造条件、优化流程、加强调度、应纳尽纳”的原则，加快将村卫生室纳入医保定点管理。
二、主要内容
《通知》从明确导向、分类施策、规范行为、完善配套、加强领导等方面对推进村卫生室纳入医保定点管理做出部署。
一是统一思想认识、明确目标任务。各级医保、卫生健康部门要提高政治站位，充分认识推进村卫生室纳入医保定点管理工作的重要性，按照职责分工，通过多种途径，确保2024年底前将符合条件的村卫生室纳入医保定点管理，有行政村存在多个村卫生室的，至少保障1个村卫生室纳入医保定点管理，确保医保服务“村村通”。
二是完善政策措施、加强分类指导。各级医保、卫生健康部门要建立工作台账，根据不同的情形采取有针对性的措施。第一类是对已经实现乡村卫生服务一体化管理的地区，医保部门通过乡镇卫生院结算村卫生室医保费用。鼓励卫生健康部门牵头建设全省统一的村卫生室信息管理系统，通过省级医保部门与卫生健康部门“总对总”连接的方式将村卫生室批量纳入医保定点管理。第二类是对正在推进乡村卫生服务一体化管理的地区，原则上将这一类视同已经实现乡村卫生服务一体化管理，由村卫生室与对应的乡镇卫生院建立临时管理关系，通过乡镇卫生院代为结算。第三类是对短期内不具备乡村卫生服务一体化管理的地区，卫生健康部门要发挥行业管理职能，统一组织村卫生室集中申请医保定点工作。医保部门进一步简化申请条件、优化申请流程，并提供必要的申请指南和咨询服务，帮助村卫生室顺利完成定点申请过程。
三是规范医疗行为、维护基金安全。守好、用好医保基金，确保基金的安全和可持续运行。卫生健康部门要加强对纳入医保定点管理的村卫生室及乡镇卫生院医疗服务行为的监管和指导，确保医疗服务质量。医保经办机构要强化协议管理，严格履行协议约定，优化结算流程，提升管理效能。医保行政部门要通过定期巡查、专项检查、智能监管等方式，加强对基层医疗机构基金监管，确保医保基金安全。乡镇卫生院加强对下属村卫生室管理，对其规范诊疗、合理用药等履行监督指导职能，保障村卫生室规范运行。
四是加强配套支持、鼓励提供服务。优化村卫生室基本药物使用政策，根据村卫生室实际需求和农村常见病、多发病特点，逐步扩大基本药物目录中的药品种类，达到与乡镇卫生院用药衔接一致。鼓励和支持村卫生室优化使用集采中选药品，为农村居民提供更加优质、便捷、经济的医疗服务。充分利用村医熟悉农村居民情况的特点，将村卫生室公共卫生服务与医保便民惠民服务充分结合，对于已纳入医保定点管理的村卫生室，村医可自愿申请成为家庭医生，开展农村居民参保动员等相关工作。加强村卫生室医务人员队伍建设，定期组织培训，普及普通门诊统筹和“两病”门诊用药保障等相关政策。
五是强化组织领导、确保取得实效。采取季度调度、专人负责的方式加快推进村卫生室纳入医保定点管理工作。各级医保、卫生健康部门各指定专人牵头，并于2024年最后两个季度末分别向国家医保局、国家卫生健康委报送村卫生室纳入医保定点管理工作的进展情况。
链接：国家医保局办公室 国家卫生健康委办公厅关于加快推进村卫生室纳入医保定点管理的通知"
《关于印发按病组（DRG）和病种分值（DIP）付费2.0版分组方案并深入推进相关工作的通知》政策解读,2024-07-23,https://www.nhsa.gov.cn/art/2024/7/23/art_105_13316.html,"为做好按病组（DRG）和病种分值（DIP）付费2.0版分组方案的落地实施，国家医保局近日印发《国家医疗保障局办公室关于印发按病组（DRG）和病种分值（DIP）付费2.0版分组方案并深入推进相关工作的通知》（以下简称《通知》）。现对有关内容解读如下。
一、《通知》出台的背景
为贯彻落实党的二十大和二十届二中、三中全会精神，按照《中共中央 国务院关于深化医疗保障制度改革的意见》提出建立管用高效的支付机制的要求，国家医保局积极推进以按病种付费为主的多元复合式医保支付方式改革。截至2023年底，全国超九成的统筹地区已经开展DRG/DIP支付方式改革，改革对促进医疗机构主动控制成本、规范诊疗行为起到了积极作用。但随着支付方式改革的深入，部分地方医保部门和医疗机构、医务人员反映现行分组不够精准、不够贴近临床等问题，希望国家对分组进行动态调整。为有效回应各方关切，国家医保局通过医保信息平台收集医疗机构真实历史数据，其中DRG收集2020年以来78个城市的5371万条病例数据，DIP收集91个城市的4787万条病例数据，形成基础数据库。经过统计学专家的统计分析，依托中华医学会、中华口腔医学会等开展几十场临床论证，广泛征求并吸收卫生健康部门、财政部门、地方医保部门、医疗机构的意见建议，形成了2.0版分组方案。
二、《通知》的主要内容
《通知》主要包括三部分内容。
（一）新版分组落地执行，规范各地分组。一是要求原则上2024年新开展DRG/DIP付费的统筹地区直接使用2.0版分组，已经开展的应在2024年12月31日前完成切换准备工作，提高支付方式规范统一性。在确保DRG核心分组和DIP病种库分组规则全国一致的基础上，各地可结合实际调整本地细分组和病种。二是用足用好现有政策安排，赋能医疗机构，用好特例单议机制，对因住院时间长、医疗费用高、新药耗新技术使用、复杂危重症或多学科联合诊疗等不适合按DRG/DIP标准支付的病例，医疗机构可自主申报特例单议，医保经办机构按季度或月组织专家审核评议，申报数量原则上为DRG出院总病例的5%或DIP出院总病例的5‰以内。三是重视培训工作，要分级分类开展培训，重点对象是医保部门实际参与支付方式改革的同志以及医疗机构分管负责同志、医保办同志，使相关参与方了解DRG/DIP支付方式改革，共同为完善改革出力。
（二）提升结算清算水平，减轻医疗机构资金压力。一是要求次年6月底前全面完成前一年度基金清算。要认真组织开展月结算工作，原则上费用结算时间自申报截止次日起不超过30个工作日。二是定期向医疗机构反馈入组、结算信息。同时，医疗机构不得将DRG/DIP病组（病种）支付标准作为限额对医务人员进行考核或与绩效分配指标挂钩。鼓励通过基金预付缓解医疗机构资金压力，各地可根据基金结余情况向定点医疗机构预付1个月左右的预付金。基金预付要向与医保有长期合作、管理规范、信用良好以及在医保政策落地、发动居民参保、协助打击欺诈骗保、全面采集上报药品耗材追溯码等方面表现较好的机构倾斜。三是全面清理应付未付费用，今年9月底前对2023年以前按照协议约定应付未付的医保基金开展全面清理。探索将异地就医费用纳入DRG/DIP管理范畴。
（三）加强改革协同，做到公开透明。一是要合理编制医保基金支出预算，将总额预算指标细化到门诊、住院以及DRG/DIP等各种支付方式，从源头上给支付方式做足“蛋糕”。二是注重来自临床一线的意见，强化支付方式意见的收集反馈，建立了专门邮箱，直面临床，收集医疗机构、一线医务人员的意见建议，为规范管理、完善分组提供支持。三是健全谈判协商机制，支付核心要素要由医疗机构、（学）协会和医保部门等共同协商确定。建立医保数据工作组，由不同级别、类型医疗机构代表组成，配合医保部门及时通报医保基金运行方面的情况。
下一步国家医保局将会同有关部门，指导地方落实《通知》要求，做好支付方式改革相关工作。
附件：1.按病组（DRG）付费2.0版分组方案介绍
2.按病种分值（DIP）付费2.0版病种库介绍"
关于《2024年国家基本医疗保险、工伤保险和生育保险药品目录调整工作方案》的解读,2024-06-28,https://www.nhsa.gov.cn/art/2024/6/28/art_105_13085.html,"《2024年国家基本医疗保险、工伤保险和生育保险药品目录调整工作方案》（简称《工作方案》）已在国家医保局官网和微信公众号公布，2024年国家医保药品目录调整工作将于7月1日正式启动。现就《工作方案》解读如下。
一、2024年国家医保药品目录调整的目标任务是什么？
以习近平新时代中国特色社会主义思想为指导，全面贯彻党的二十大和二十届二中全会精神，深入学习贯彻习近平总书记重要指示批示精神，坚持以人民健康为中心，持续完善药品目录动态调整机制，提升管理能力和服务水平。统筹考虑广大参保人用药保障需求和基金支付能力等因素，开展2024年国家药品目录调整工作，努力使药品目录结构更加合理优化、管理更加科学规范、支付更加管用高效、保障更加公平可及，助力解决人民群众看病就医后顾之忧。
二、2024年国家医保药品目录调整的思路是什么？
在深入总结前期目录调整工作经验的基础上，结合工作实际，广泛征求各方意见建议，组织力量认真研究、反复论证，进一步提升目录调整工作的科学化、规范化、精细化水平。按照党中央、国务院决策部署，今年目录调整工作将继续坚持稳字当头、稳中求进的总基调，牢牢把握“保基本”的定位，尽力而为、量力而行，把药品保障水平的提升建立在经济和财力支撑能力的基础上。同时，更加关注药品供应保障情况的监测与管理，提升医保药品的可及性。在保持品种总体稳定、准入条件和工作流程基本不变的前提下，持续规范评审、测算等具体规则。
三、与往年相比，《工作方案》有哪些具体变化？
在往年经验做法的基础上，今年对《工作方案》进行了小幅调整。主要包括以下三方面：一是申报条件方面。按规则对药品获批和修改适应症的时间要求进行了顺延，2019年1月1日以后获批上市或修改适应症的药品可以提出申报。二是调出品种的范围方面。将近3年未向医保定点医药机构供应的常规目录药品，以及未按协议约定保障市场供应的谈判药品列为重点考虑的情形，强化供应保障管理。三是强化专家监督管理。明确专家参与规则和遴选标准条件，加强对参与专家的专业培训和指导，提高评审测算的科学性、规范性。建立健全专家公正履职承诺、保密管理、对外宣传等规定。
四、在保障国谈药品供应配备方面，有哪些考虑？
药品通过谈判纳入医保目录，不是目录调整的终点而是起点，最终目标是让参保人买得到、用得上、能报销。本次目录调整，除在调出情形中增加未按协议约定保障市场供应的谈判药品外，将在今年的协议文本中增加关于保障药品供应的条款并纳入考核管理，督促医药企业在谈判纳入医保目录后做好市场供应，从而更好保障广大参保患者权益。
五、今年的续约规则和竞价规则有变化吗？
为稳定企业预期，今年的续约规则和竞价规则与往年基本保持一致。第一批竞价品种的支付标准有效期将于今年12月31日到期，今年的竞价规则中增加了对支付标准有效期到期品种经专家评审纳入常规目录管理的表述，使规则更加完善。
六、今年药品目录调整的时间如何安排？
根据《工作方案》，今年的工作程序仍分为准备、申报、专家评审、谈判、公布结果5个阶段。7月1日正式启动申报，争取11月份完成谈判并公布结果。
链接：国家医疗保障局关于公布《2024年国家基本医疗保险、工伤保险和生育保险药品目录调整工作方案》及申报指南等文件的公告"
关于《药品医保目录归属认定工作程序（试行）》的解读,2024-05-31,https://www.nhsa.gov.cn/art/2024/5/31/art_105_12834.html,"一、出台《药品医保目录归属认定工作程序（试行）》的目的是什么？
根据药品名称变化等情况，对一些品种是否属于《国家基本医疗保险、工伤保险和生育保险药品目录》（以下简称医保目录）开展认定是必要的，也是一项例行性工作。同时，鉴于该工作专业性高，对参保人、医药企业的利益存在较大影响，为规范流程、防范风险，我们制定了《药品医保目录归属认定工作程序（试行）》，这也是提升医保目录管理科学化、精细化水平的具体举措。
二、药品医保目录归属认定的依据是什么？ 
为加强医保药品支付管理，我局于2020年出台了《基本医疗保险用药管理暂行办法》（国家医疗保障局令第1号）。《基本医疗保险用药管理暂行办法》第十九条规定：对于因更名、异名等原因需要对药品的目录归属进行认定的，由国务院医疗保障行政部门按程序进行认定后发布。
三、何种情况可申请药品医保目录归属认定？
对于因更名、异名等原因，药品的名称、剂型与医保目录存在差异，但相关方认为根据医保目录规定，应当认定为医保目录内或医保目录外药品的情况。
四、药品医保目录归属认定的工作流程是什么？
认定工作流程主要包括申请方（主要是企业）提出申请、确认申请、组织专家论证、公布结果四个环节。
五、药品医保目录归属认定工作与国家医保目录调整的区别？
一是对象不同。药品医保目录归属认定工作仅适用于药品因更名、异名等原因，名称、剂型与医保目录存在差异，但相关方认为根据医保目录规定，应当认定为医保目录内或医保目录外药品的情况。而国家医保目录调整的适用范围根据每年的医保目录调整工作方案确定，目前以近年来新上市的目录外品种为主。
二是任务不同。药品医保目录归属认定工作的任务是确定一个药品是否应归属于现行版医保目录，而国家医保目录调整工作的任务是将符合条件的药品按程序纳入医保目录并确定合理的支付标准。
三是频率不同。药品医保目录归属认定工作根据申请情况原则上每季度开展1次，而国家医保目录调整每年开展1次。"
