title,date,link,content,images
关于印发2026年纠正医药购销领域和医疗服务中不正之风工作要点的通知,2026-06-09,https://www.nhsa.gov.cn/art/2026/6/9/art_104_20892.html,"来源：国家卫生健康委官网
关于印发2026年纠正医药购销领域和医疗服务中不正之风工作要点的通知
国卫医急函〔2026〕123号
各省、自治区、直辖市卫生健康委、教育厅（局、教委）、工业和信息化主管部门、公安厅（局）、财政厅（局）、商务主管部门、审计厅（局）、国资委、市场监管局（厅、委）、医保局、中医药局、疾控局、药监局，国家税务总局各省、自治区、直辖市和计划单列市税务局，新疆生产建设兵团卫生健康委、教育局、工业和信息化局、公安局、财政局、商务局、审计局、国资委、市场监管局、医保局、疾控局、药监局：
现将《2026年纠正医药购销领域和医疗服务中不正之风工作要点》印发给你们，请结合实际，认真贯彻执行。
国家卫生健康委             教育部
工业和信息化部             公安部
财政部             商务部
审计署   国务院国资委
国家税务总局   市场监管总局
国家医保局   国家中医药局
国家疾控局      国家药监局
2026年5月22日
（信息公开形式：主动公开）
2026年纠正医药购销领域和医疗服务中不正之风工作要点
2026年纠正医药购销领域和医疗服务中不正之风工作的总体要求是：以习近平新时代中国特色社会主义思想为指导，全面贯彻党的二十大和二十届历次全会精神，树立和践行正确政绩观，按照党中央、国务院决策部署，持续深化医药领域腐败问题和不正之风集中整治，一体推进群众身边不正之风和腐败问题集中整治，以严的纪律、严的措施、严的氛围，健全长效机制，堵塞制度漏洞，规范行业秩序，防范重大风险，切实维护人民群众健康权益，为实现“十五五”卫生健康事业良好开局起步提供保障。
一、坚持党建引领行风
系统加强党对纠风工作的领导，充分发挥党组织领导作用，全面落实党委领导下的院长负责制，完善公立医院基层党组织参与重大事项决策制度，强化社会组织及分支机构党组织建设，以高质量党建引领优良行风建设走深走实。
二、强化医德医风建设
将医德医风要求贯穿医务人员职业生涯始终，推动医学规划教材改版提升，丰富医学人文、医患沟通、卫生健康法律法规等内容，增加相关内容在医务人员资格类考试和继续医学教育中比重。健全医德医风考评激励机制，重视教育及考评结果在职业发展关键节点应用。
三、加强正向宣传引导
加大先进典型宣传力度，营造见贤思齐、向上向善的氛围。积极引导多平台行业正能量建设，发挥政策宣传、服务群众作用。强化责任意识，及时客观有序公布行业热点事件调查进展、结论和处理结果，及时真诚回应社会关切。
四、防范化解风险隐患
加强行业机构运行风险监测预警，落实行业主管部门工作提示部署，对照开展查究整改。学习运用新时代“枫桥经验”，推进涉医矛盾纠纷人民调解，确保各方依法依规解决矛盾纠纷。依法查处“暴力伤医”“网络医闹”等案事件，维护医患双方合法权益和医疗服务正常秩序。
五、严守医疗数据安全
强化医疗数据全流程监管，完善数据使用审查与追溯机制，规范行业数据安全管理，严禁泄露、倒卖及非授权使用，坚决遏制数据牟利，切实保障患者隐私与个人信息安全。重点治理借助第三方以科研名义变相实施“带金销售”等不法行为，保障行业健康发展。
六、纠治失德失范行为
严格落实医务人员职业道德准则、医疗机构工作人员廉洁从业九项准则及其实施细则、加强高等学校直属附属医院工作人员廉洁从业等规范要求，着力改进服务态度，重点整治在执业活动中违背职业伦理、违反职业道德、忽视医疗质量安全、违规多点执业或外出会诊，以及借参加学术活动接受非法利益输送等问题。
七、规范行业购销秩序
规范化制度化常态化推进药品耗材集中带量采购，扩大品种覆盖面，研究推进医保与医药企业直接结算，同步加强药品耗材价格治理，挤压药品耗材虚高价格水分。查处医药流通领域不按规定明码标价、价格欺诈、相互串通操纵药品价格等价格违法行为。加快解决医疗机构拖欠药品流通企业货款问题。严格执行政府采购法等有关法律制度规定，重点监管高值医用耗材、医用设备等领域，重点整治采购人“关键少数”违规干预、拆分项目规避公开招标、量身定标、“明招暗定”等违规问题，依法打击应标方租借证照、虚假交易、商业贿赂等违规行为，推动治理医疗设备等政府采购异常低价问题。
八、整治涉税违法行为
开展联合调查和专项整治，严厉打击医疗器械领域“篡改套打”、虚开增值税发票、隐匿收入偷逃税款等涉税违法犯罪，对接受虚假开具发票的机构进行追踪，严肃处理违法违规问题。强化发票全链条风险防控，加强医疗器械购销领域信用评价。
九、维护医保基金安全
持续深入开展规范医疗行为促进医保基金合理使用专项行动，优化医疗服务供给，规范诊疗和收费行为，持续强化行业监管。深化医保基金管理突出问题整治，严查严打违法违规使用医保基金行为，深化大数据监管，构建完善事前事中事后全流程智能监管体系，推进监管关口前移，推动以查促治、深度治理。
十、整治行业不法乱象
加强医疗监督跨部门执法联动，治理不具备相关资质开展服务、违规开展“轻医美速成班”、虚假商业营销等医美行业乱象；整治代孕、胎儿性别鉴定、开具虚假出生医学证明等乱象；巩固拓展卫生健康系统整治殡葬领域腐败乱象专项行动成果，坚决防止问题反弹；治理业务主管社会组织借助资质出借、办刊办会、委托业务、捐赠合作等牟取不当利益的问题；针对医务人员违规发布广告、借助各类平台违规引流，以及在互联网健康科普中的负面行为与乱象，进一步加大整治与规范力度。严厉打击非法行医和借保健养生名义非法开展中医诊疗行为。
十一、积极推进系统治理
巩固重点领域和关键环节治理成效。切实执行医疗质量安全核心制度，加强实验室全过程管理，持续开展医德医风、医院巡查、异常住院费用病例核查等专项工作，切实斩断由风及腐的利益链，构筑纠风治腐的工作链。
中国医保，一生守护！维护医保基金安全，人人有责！打击欺诈骗保举报电话：010-89061396，010-89061397；邮箱：jubao@nhsa.gov.cn。",
国家医保局办公室 财政部办公厅关于印发《职工基本医疗保险个人账户跨省共济经办规程（试行）》的通知,2026-06-05,https://www.nhsa.gov.cn/art/2026/6/5/art_104_20858.html,"文件下载链接：国家医保局办公室 财政部办公厅关于印发《职工基本医疗保险个人账户跨省共济经办规程（试行）》的通知.txt
中国医保，一生守护！维护医保基金安全，人人有责！打击欺诈骗保举报电话：010-89061396，010-89061397；邮箱：jubao@nhsa.gov.cn。",https://www.nhsa.gov.cn/picture/0/1c40ed1a8b57468ca51f5f45a16ea495.jpg; https://www.nhsa.gov.cn/picture/0/7877d8c1e34f46729f5b793f32afc423.jpg; https://www.nhsa.gov.cn/picture/0/a465cb957faf4128a3572164da3017e9.jpg
国务院关于推行常住地提供基本公共服务的实施意见,2026-05-27,https://www.nhsa.gov.cn/art/2026/5/27/art_104_20751.html,"来源：中国政府网
国务院关于推行常住地提供基本公共服务的实施意见
国发〔2026〕11号
各省、自治区、直辖市人民政府，国务院各部委、各直属机构：
由常住地提供基本公共服务，逐步消除基本公共服务与户籍挂钩因素，促进未落户常住人口与户籍人口同等享有基本公共服务，有利于满足人民日益增长的美好生活需要，对提升城镇化质量、释放国内需求潜力、构建新发展格局具有重要意义。为推行常住地提供基本公共服务，促进基本公共服务均等化水平明显提升，有力支撑深入实施以人为本的新型城镇化战略，现提出如下意见。
一、重点任务
（一）加强随迁子女教育保障。学龄人口流入多的城市政府做好存量学位资源挖潜和整合利用，按需新增学位，巩固提升义务教育阶段随迁子女就读公办学位比例。对暂时无法保障义务教育阶段公办学位的随迁子女，常住地政府切实落实购买学位责任，减轻随迁子女家庭的教育支出负担。随迁子女在义务教育阶段因常住地变化或父母工作调动等需要转学的，常住地政府按规定予以保障。着力提高随迁子女就读公办初中比例，九年一贯制学校校内直升政策对随迁子女、当地户籍学生同等对待。落实学生资助政策，确保对家庭经济困难随迁子女应助尽助。推动将随迁子女纳入常住地学前教育、高中阶段教育公共服务范围。落实符合条件的随迁子女在常住地参加升学考试政策。
（二）扩大公租房保障范围。推动更多城市将稳定就业居住的未落户常住人口家庭纳入公租房保障范围，推行按就业居住年限、住房困难程度确定保障对象、保障方式、保障标准、准入条件和退出机制。采取实物保障、货币补贴等多种方式，在合理轮候期内对符合条件的未落户常住人口家庭予以保障。统筹中央和地方现有资金渠道，按规定对相应公租房筹集任务予以支持。加强公租房与保障性租赁住房政策衔接。稳步推进灵活就业人员参加住房公积金制度。
（三）健全就业地参加职工社会保险制度。全面取消在就业地参加职工社会保险的户籍限制，大力推进全民参保计划，引导支持各类劳动者在就业地参加职工社会保险。健全农民工、灵活就业人员、新就业形态人员参加社会保险制度，完善社保关系转移接续政策，研究促进灵活就业人员参加职工基本养老保险的政策措施，将新就业形态人员职业伤害保障试点范围扩大到更多地方和平台企业。持续推进工程建设领域农民工按项目参加工伤保险。完善企业职工基本养老保险全国统筹，稳妥推进基本医疗保险省级统筹，巩固工伤保险、失业保险省级统筹成效。
（四）加强常住地基本医疗保障。加力落实持居住证参加城乡居民基本医疗保险政策，超大特大城市等各类城市切实保障外地户籍中小学生、学龄前儿童等在常住地参加城乡居民基本医疗保险的权利，各地对持居住证参保人员按照户籍人口相同标准给予财政补助，巩固扩大参保覆盖面。加强异地就医直接结算管理服务，提升异地就医备案管理和结算报销可及性、便利性。各地不得将办理职工医保退休人员待遇与在当地按月领取基本养老金绑定。加快推动全国医疗服务价格项目基本统一，促进参保地、就医地价格项目和支付方式衔接。
（五）强化就业基本公共服务。对符合条件的城镇常住人口依申请认定为就业困难人员，按规定落实就业援助政策。将基层就业公共服务融入以党建引领基层治理范畴，在乡镇（街道）履行职责事项清单中落实。做好未落户自主创业人员创业扶持，按规定给予融资对接、场地提供、开业指导、税费减免等支持。引导企业等用人单位建立健全培训制度，加强与职业学校（含技工学校）、职业培训机构、成人学校等合作，对农民工等开展职业教育和培训，提升实用型专业技能。支持农民工参与职业资格评价、职业技能等级认定、专项职业能力考核等技能人才评价，引导企业对技能人才实行岗位薪酬与岗位价值、技能等级双挂钩。通过中央预算内投资等资金，支持符合条件的地方建设就业技能提升培训设施。
（六）完善兜底性基本公共服务。逐步将未落户常住人口纳入常住地儿童关爱、养老助老、社会救助、扶残助残等基本公共服务范围，放开放宽户籍限制。支持流动儿童融入城市，推动各地出台流动儿童在居住地享有关爱服务基础清单，促进流动儿童均等享有基本公共服务。对在城镇稳定就业居住期间发生生活困难的未落户常住人口，加强基本生活兜底保障，做好社会救助与失业保险等政策衔接。完善临时救助政策，对遭遇突发性、紧迫性、灾难性困难，生活陷入困境的人员，取消户籍地、居住地申请限制，在急难发生地按规定给予临时救助。促进残疾人中的困难群体和劳动者在常住地就近平等享有扶残助残、就业创业等基本公共服务。探索加强户籍地、常住地退役军人服务保障协作配合。
二、支撑保障
（七）优化公共服务设施空间布局。开展常住人口总量、结构、流动趋势和公共服务需求预测，按常住人口和服务半径完善公共服务设施空间布局，优化建设运行资金分配、人力资源配置，加强人口流入城市和县城的公共服务能力。建立健全基础教育各学段学龄人口变化和教育资源需求监测预警制度，根据学龄人口“洪峰”推移灵活设置各学段学位，相关教育经费向人口流入地、教育基础薄弱地区倾斜，支持建设公办普通高中，更好满足学龄人口就读需求。加强人口流入地医院病房改造提升，改善群众就医条件。开展人口流入地社区嵌入式服务设施建设和运营管理，就近为随迁老人、儿童、残疾人提供照料看护服务。
（八）规范基本公共服务梯度供给。对供需矛盾突出的基本公共服务，各地可通过积分制等方式，在一定时期内采取以就业、居住等时间因素为主要条件的梯度供给办法，促进基本公共服务资源公平有序分配，逐步减少梯度层次和差异、降低享有门槛。切实落实基本公共服务保基本、兜底线的定位，区分梯度供给与人才引进措施，不得设置学历、职称、纳税贡献等限制条件。
（九）加强财政转移支付保障。根据基本公共服务覆盖常住人口进度，完善相关转移支付考虑常住人口因素进行分配的做法。对符合条件的基本公共服务领域共同财政事权转移支付项目，探索根据保障标准、常住人口规模、支出责任分担比例等因素进行分配。鼓励省级财政转移支付加强对人口流入地的财力支持。
（十）优化城镇建设用地配置。建立新增城镇建设用地指标配置同常住人口增加协调机制，增加人口流入地民生建设用地指标，优先保障学校、医疗卫生机构、保障性住房等建设需要。人口流入地政府依据国土空间规划、城市更新规划，优化用地结构和空间布局安排，推动土地混合开发利用、用途合理转换，盘活存量闲置房屋和低效用地提供紧缺基本公共服务。
（十一）促进公共服务共建共享。推广居住证互通互认、常住年限或常住积分转换等经验，保障流动人口连续享有基本公共服务，探索在京津冀、长三角、粤港澳大湾区等区域或以省、城市群、都市圈为单位先行先试，逐步扩大实施范围。推动城市群、都市圈跨行政区合作办学办医，鼓励中心城市的优质中小学与周边市县学校建设学校共同体、高水平医院与周边市县现有医疗机构打造医疗联合体，促进基础教育和医疗资源均衡配置，引导城市群、都市圈人口合理分布。
（十二）加强服务事项协同经办。推进基本公共服务事项省内通办、跨省通办，依托全国一体化政务服务平台“跨省通办”业务支撑系统，推动数据跨域共享、系统无缝衔接，实现异地事项一站式网上办理。加强跨地区服务信息和档案比对，避免户籍地、常住地遗漏或重复安排。优化高频事项跨地区协作办理流程，统一证明材料要求，提高办理效率。推进全国统一的社会保险公共服务平台服务事项“全国一清单”，有序实现业务材料、数据项目、办理环节规范统一。
（十三）完善常住人口登记统计。推行电子居住证，加强与就业、社保、住房等信息共享，更好发挥居住证登记常住人口以及作为基本公共服务事项申请、核验、排序、享受等凭证的功能。各地持续扩大居住证持有人凭证即享的基本公共服务事项范围，引导常住人口主动及时办理居住证。推动居住证登记信息应用于人口统计，强化人口抽样调查工作。探索流动人口义务登记，做好与常住地登记户口制度的衔接。完善与常住地提供基本公共服务相适应的统计监测体系。
三、组织实施
各省级人民政府要加强组织领导，科学有序、因地制宜推行常住地提供基本公共服务，结合实际抓好贯彻落实，推动各项举措落地见效；对难度较大的事项要循序推进，积极创造条件，推动部分市县先行先试，取得经验后推广。人口流入城市和县城要加大基本公共服务供给力度，尽力而为、量力而行，增量资源优先保障未落户常住人口公平享有基本公共服务，逐步提高服务质量；其中，超大城市要按照常住人口规模目标，转变城市发展方式，优化人口和公共服务设施空间布局，因城施策积极探索。人口总量稳定或流出的城市和县城要根据实际居住人口的数量和结构，优化公共服务资源配置，实现提质增效。国家发展改革委要会同有关部门扎实推进工作，强化进展监测和评估问效，指导人口流入城市“一城一策”建立健全常住地提供基本公共服务制度，在高质量发展综合绩效评价中加强基本公共服务相关监测评价。各有关部门要完善保障未落户常住人口享有基本公共服务的政策，适时调整相关规定，条件成熟时动态调整国家基本公共服务标准。重大事项及时按程序请示报告。
国务院
2026年5月18日
（本文有删减）
中国医保，一生守护！维护医保基金安全，人人有责！打击欺诈骗保举报电话：010-89061396，010-89061397；邮箱：jubao@nhsa.gov.cn。",
国家医保局办公室 财政部办公厅关于进一步加强定点零售药店职工基本医疗保险个人账户使用监督管理的通知,2026-05-19,https://www.nhsa.gov.cn/art/2026/5/19/art_104_20545.html,"国家医保局办公室  财政部办公厅关于进一步加强定点零售药店职工基本医疗保险个人账户使用监督管理的通知
医保办发〔2026〕7号
各省、自治区、直辖市及新疆生产建设兵团医疗保障局，财政厅（局）：
为切实维护医保基金安全，根据《医疗保障基金使用监督管理条例》《国务院办公厅关于建立健全职工基本医疗保险门诊共济保障机制的指导意见》（国办发〔2021〕14号）《国务院办公厅关于健全基本医疗保险参保长效机制的指导意见》（国办发〔2024〕38号），现就进一步加强定点零售药店职工基本医疗保险个人账户使用监督管理有关工作通知如下：
一、坚持“保基本”功能定位
职工基本医疗保险基金由统筹基金和个人账户构成，个人账户是职工基本医保基金的重要组成部分。各级医保部门要认真落实改革要求，完善个人账户支出政策，使个人账户不仅能用于参保人本人医疗费用支出，还能用于已参保近亲属医疗费用支出；不仅能在省内实现家庭共济，还能实现跨省共济；不仅能用于支付医疗费用，还能用于近亲属参加城乡居民基本医疗保险个人缴费；不仅能用于支付在定点医疗机构发生的医疗费用，还允许支付在定点医疗机构发生的流感疫苗费用，能用于支付在定点零售药店发生的合规费用。同时要始终坚持“保基本”的功能定位，合理稳妥、灵活有度规范职工医保个人账户使用，防止将不属于基本医疗保障范围内的不合理费用纳入支出范围，坚决维护医保基金安全。
二、建立定点零售药店职工医保个人账户支付白名单制度
各省级医保部门要在现有政策基础上，结合当地实际，商财政等部门进一步研究规范职工医保个人账户支付范围管理。各省级医保部门原则上要于2026年9月底前出台全省统一的定点零售药店职工医保个人账户支付白名单（以下简称“白名单”）。白名单内的，个人账户在定点零售药店可以支付；白名单外的，不予支付。列入白名单的，应是经药监部门正式批准注册或备案，可以在零售药店销售，并且与治疗密切相关、医疗属性强、价格适宜的药品、医疗器械和医用耗材。原则上，可以在零售药店销售的国药准字H（Z、S）、国药准字H（Z、S）C、国药准字H（Z、S）J、 国药准字C批文药品、中药饮片等药品，体温计、血压计、血糖检测仪、康复辅助器械等医疗器械，医用口罩、棉签（棉球）、纱布绷带、创可贴、退热贴等医用耗材，病原检测试剂、早孕试纸等体外诊断试剂，一次性末梢采血针、笔式注射器及针头、碘伏帽、造口护理袋等长期治疗使用的器械耗材，可以纳入白名单。对于保健品、日常生活用品、家具洁具、家用电器等非医疗用品，牙膏牙刷牙线、面膜化妆品、隐形眼镜、按摩设备、智能通讯计时设备以及用于体育健身、养生保健等生活功能为主、医疗附加值较低的器械耗材，不得纳入白名单。要坚决防止将仅为适配医保支付、无实际医疗价值或实际医疗价值较低的“马甲产品”纳入白名单。各地制定白名单时要充分听取行业主管部门以及定点零售药店、参保人的意见并根据群众需求和医药技术发展动态调整。
三、加强定点零售药店协议管理
各地要及时将定点零售药店职工医保个人账户支付白名单及有关要求作为定点零售药店协议管理事项，制定补充协议或修订协议文本，及时与定点零售药店签订协议。进一步加强定点零售药店协议管理，严格分类分区管理，并设置清晰统一的医保标识；严禁定点零售药店通过诱导消费、夸大宣传等方式，诱导参保人员使用职工医保个人账户购买白名单之外的产品；严禁定点零售药店对医保参保人员使用个人账户支付时实行不公平、歧视性价格，以高于非医保患者的价格销售。
四、强化医保赋码管理
明确企业作为国家医保信息业务编码相关信息申报的第一责任人，确保填报产品信息的真实性、准确性与合规性。医保部门进一步加强赋码信息校验，对实物与医保信息业务编码标准数据库中填报的注册备案信息不一致的产品、通过伪造注册备案信息获取医保编码的产品，发现一例、清理一例，立即停用相关产品的医保编码。
五、加强医保基金监管
综合运用飞行检查、专项检查、日常检查等方式，结合视频监控、医保大数据等技术手段筛查分析，聚焦重点违规行为，加强定点零售药店职工医保个人账户使用监管。重点查处个人账户支付生活用品等白名单之外的产品，以及空刷套刷、倒卖串换、伪造处方，或通过虚假宣传、诱导消费、冲顶消费等方式违规使用医保基金的行为。要畅通举报投诉渠道，落实举报奖励机制，充分发挥社会监督作用。对监管中发现的涉及其他部门职责的问题，要及时移送相关主管部门。要结合深化医保基金管理突出问题整治工作部署，指导定点零售药店开展自查自纠，对发现问题举一反三，深入整改，确保职工医保个人账户安全高效、合理使用。
国家医保局办公室  财政部办公厅
2026年3月10日
（主动公开）
中国医保，一生守护！维护医保基金安全，人人有责！打击欺诈骗保举报电话：010-89061396，010-89061397；邮箱：jubao@nhsa.gov.cn。",
关于改革完善儿童用药供应保障机制的实施意见,2026-05-15,https://www.nhsa.gov.cn/art/2026/5/15/art_104_20517.html,"来源：国家卫生健康委员会官网
国卫药政发〔2026〕10号
各省、自治区、直辖市及新疆生产建设兵团卫生健康委、工业和信息化主管部门、金融监管局、知识产权局、医保局、中医药局、疾控局、药监局：
为更好满足儿童疾病防治用药需求，全面提高儿科供药用药能力，进一步完善儿童用药制度，加快儿童用药高质量发展，保障儿童健康，提出如下意见。
一、突出创新研发支持，加强鼓励引导
（一）完善儿童用药研发创新机制。
聚焦儿童重大疾病和用药负担，满足临床急需，引导协同研发，填补用药空白。创新药物研发国家科技重大专项支持儿童高发疾病的创新品种、多联疫苗、儿童用药（限药品说明书中有明确儿童适应症和儿童用法用量的药品）适宜剂型的研发。鼓励开展儿童用药监管所需的新工具、新方法、新标准研究。鼓励儿童罕见病及儿童重大疾病防治研究。完善鼓励研发申报儿童药品清单和鼓励仿制药品目录配套政策，对纳入其中的儿童用药予以优先审评审批，优先纳入国家基本药物目录、创新药物研发国家科技重大专项等，符合条件的按程序纳入国家医保药品目录。加强儿童用药审评审批全过程充分沟通交流，对确定的儿童专用创新药，早期介入、研审联动，允许滚动提交资料，持续提升研发效率。
（二）丰富儿童用药临床研发模式。
鼓励支持国家医学中心、国家区域医疗中心和国家临床医学研究中心等儿科研究型病房建设，健全儿科临床高水平研究平台和综合保障体系。探索组织建立全国儿童临床试验协作网和跨机构伦理审查机制，集中资源、协同招募研究参与者，整体提升儿科临床试验机构规范化管理水平。支持多中心合作模式，建立统一的数据标准和分析规范，严格工作流程，完善真实世界证据和前瞻研究设计，引导医疗机构对适宜儿童使用但缺乏儿童用药信息的药品开展协同研究，将已有中国成人数据的药品安全外推至中国儿科人群，完善儿科人群用药信息，指导临床用药。
（三）规范药品说明书儿童用药信息。
支持符合条件的儿科相关医疗机构、行业学（协）会对已上市化学药品及治疗用生物制品（细胞基因治疗产品和血液制品除外）的药品说明书，按规定提出增加和补充完善儿童适应症、用法用量等重要信息。符合法定情形采用药品说明书中未明确但具有循证医学证据的药品用法，实施儿童治疗时，开展用药评估，组织权威机构制定相关规范，加强与药品监管政策的衔接。按照儿童用药说明书撰写要求，规范撰写儿童用药用法用量，及时修订说明书安全信息项等。
（四）创新儿童中医药研发机制。
充分运用中医药理论、中药人用经验和临床试验数据等，开展符合儿童生理、病理特征的中药研究，建立符合中药特性、突出中医优势、适配儿科临床需求的专属研究范式和科学证据体系。加强符合儿童生长发育特征及提高儿童用药依从性的中药改良型新药研发。运用传统中药研究方法和现代科学技术，开发儿科古代经典名方，加大儿科中成药和医疗机构中药制剂研发、转化力度。筛选制定儿科中医优势病种清单，推动相关方药的人用经验收集，加速中药新药转化。加快规范完善适用于儿童的中成药说明书中功能主治、用法用量、警戒警示等具体信息，持续提升儿科中成药用药安全。
二、持续提升生产供应能力，强化质量规范监管
（五）深化儿童用药产业链供应链韧性。
接续实施医药工业高质量发展行动，增强儿童用药及适宜剂型、规格的供给能力。支持小品种药（短缺药）集中生产基地的定点生产品种纳入更多儿童用药，采取相对集中生产的方式保障供应，对临床必需、易短缺的儿童用药完善采购政策，调动企业生产和配送积极性。不断丰富中央和地方两级储备中的儿童用药，持续加强儿童用药生产监测及儿童用药专用辅料等要素保障，提升儿童用药供应保障能力。季节性传染病流行高发期间，完善协同监测、信息共享、预警应对机制，加强抗病毒、解热镇痛等儿童常用药品供应保障。
（六）强化儿童用药质量监管。
优先支持儿童用药生产企业（包括现有生产线可延伸生产儿童用药）开展技术改造和设备更新，推动企业数智化转型，不断完善儿童用药生产质量管理体系，提升产品质量水平。强化儿童用药全流程追溯监管，逐步实现“一物一码”全链条追溯。加大对儿童用药、医疗机构儿科制剂全品种监督检查力度，加大抽检力度，强化不良反应监测评价，对明显低于成本价的和工艺、辅料变更频次较高的儿童用药等重点监管。
（七）完善儿童用药临床应用指导原则。
修订中国国家处方集（儿童版），更新制定临床用药须知。聚焦儿科常见病种，依据循证医学证据和临床实践，制定儿童用药临床应用指导原则。扩大国家基本药物目录中儿童用药品种、剂型和规格范围，探索制定国家儿童基本药物目录。
（八）加强儿童用药知识产权保护。
依法实施药品专利纠纷早期解决机制和药品专利期限补偿制度，对符合规定的儿童用药相关专利给予专利期限补偿，提高儿童用药知识产权保护水平。对儿童用药注册过程中提交的符合要求的试验数据和其他数据，依法给予数据保护。对儿童用药新品种、采用新剂型或者新规格的儿童用药、增加儿童适应症的药品，符合条件的，给予不超过2年的市场独占期。切实做好儿科中成药保护工作，与中药品种保护制度做好衔接。
（九）规范医疗机构儿科制剂使用管理。
充分发挥医疗机构儿科制剂在满足临床用药需求、弥补药品短缺方面的作用，支持医疗机构儿科制剂在医联体等医疗机构间依法调剂使用，积累儿童人群临床用药经验。严格医疗机构儿科制剂审评和备案要求，提高质量标准，加强生产全过程质控。临床确有需要的儿童用药品种，市场上没有供应或者没有供儿童使用的剂型、规格的，制定儿童常用医疗机构制剂清单，支持医疗机构配制、使用。
三、健全支付保障，强化协同治理
（十）完善儿童用药支付管理。
支持鼓励研发申报儿童药品清单的药品，及符合条件的儿童专用药（药品说明书中仅有儿童适应症和儿童用法用量的药品）、儿童适宜剂型和有明确儿童用法用量的药品按程序纳入医保药品目录。协议期内谈判药品申报新增儿童适应症时，符合条件的，可以按程序简易续约。推进医保支付方式改革，在确定分组、系数等要素时适当向儿童倾斜，动态调整完善病种分组方案。加强数据支撑，支持商业健康保险开发儿童保险保障产品，鼓励将创新药、罕见病用药纳入保障范围。
（十一）优化儿童用药采购模式。
在国家组织药品集中带量采购中，对儿童专用药与成人用药分组采购。在省级医药采购平台挂网过程中落实各省挂网规则，在药品集中带量采购过程中优化差比价规则，激励儿童适宜剂型、规格的供应。鼓励针对儿童专用剂型、专用规格制定单独差异化的包装。
四、完善评价体系，提升服务水平
（十二）加快儿童用药临床综合评价体系建设。
以基本药物为重点，建立儿童用药数据库，加强儿童用药用法用量、联合用药、真实世界研究等数据汇集和综合分析利用，组织开展儿童人群应用经验收集整理，加强儿童用药使用监测与临床综合评价结果转化应用。完善儿童用药临床综合评价技术指南，充分发挥国家和省级医疗机构、科研院所、行业学（协）会等各方独特优势，建立跨区域多中心儿童用药临床综合评价协同机制，持续推动儿童用药临床综合评价规范化同质化。开展儿科中成药临床综合评价工作，制定儿科中成药的临床综合评价路径。
（十三）优化儿童用药配备管理。
医疗机构要建立完善儿童用药遴选制度。开展儿科医疗服务的二级以上医疗机构在本机构药事管理与药物治疗学委员会的儿童用药工作组指导下，定期对药品供应目录中儿童用药进行评估和调整。遴选儿童用药时，可不受“一品两规”限制。持续做好儿童用药临时进口工作，尤其保障罕见病、重大疾病用药可及。医联体要加强儿童用药统一衔接，促进儿童用药在医联体内合理使用。完善医疗机构儿童用药供应监测与报送机制。动态调整包括儿童用药在内的短缺药品清单和临床必需易短缺药品重点监测清单，加强易短缺药品生产及供应链监测预警，及时掌握短缺儿童用药生产动态，做好供需对接。
（十四）加强儿童合理用药管理。
医疗机构要落实安全有效、经济合理的用药原则，遵循药品临床应用指导原则、临床诊疗指南和药品说明书等，加强医师处方、药师审方、护士给药等各环节管理，合理开具处方并经审核合格后进行调配。加强儿童用药处方点评，建立紧密型医联体处方集中审核，将结果作为药师和医师定期考核和绩效管理依据，确保儿童用药合理使用。符合法定情形采用药品说明书中未明确但具有循证医学证据的药品用法实施治疗时，医疗机构应当建立管理制度，对医师处方、用药医嘱的适宜性进行审核，严格规范医师用药行为。
（十五）加大儿科药学服务供给。
支持全国二、三级公立综合医院、三级中医医院（含中西医结合医院、少数民族医医院）、妇幼保健院等面向儿科患者提供药学门诊、住院个性化用药监护等服务。紧密型医联体内药师以基层医疗卫生机构家庭医生团队为平台，面向儿童及监护人开展适宜的药学服务。鼓励三级医院药师下沉基层定期开设药学门诊或医药联合门诊，发挥医师和药师协同作用，指导乡镇卫生院、社区卫生服务中心为就诊患儿提供连续、规范的就医用药服务。鼓励有条件的医疗机构开展儿童处方（医嘱）审核调剂、联合查房、会诊，以及药物重整、药学监护、用药教育等服务。优化临床药师职称晋升和绩效考核体系，探索在卫生专业技术资格有关考试中增加儿童用药相关内容。制定符合儿科药学服务特点的技术标准和评价规范。
（十六）加强儿童用药宣教科普。
医疗机构要围绕用药中、用药后的常见问题，加强对儿童监护人的指导和教育，建立儿童用药随访制度。医疗机构综合利用移动互联网应用程序等多种方式，开展合理用药宣传和预防保健等相关健康教育，引导儿童家长树立科学用药观念，提高安全用药意识及儿童用药依从性。建立全媒体儿童用药健康知识传播机制，围绕儿童疾病季节性变化等特征，指导医疗机构、专家，组织开展“安全合理用药进社区、进家庭”活动，加大科学育儿、疾病预防、及时就医、合理用药等知识和技能宣传普及，形成儿科健康促进与合理用药协同工作合力，引导全社会共同关注和支持儿童用药高质量发展。
五、突出重点环节，聚力组织实施
各相关部门和各地要进一步强化组织领导和工作协同。卫生健康主管部门推动落实儿童用药供应保障相关政策，组织实施儿童用药研发相关的科技重大项目，研究制定儿童用药相关技术规范，指导医疗机构落实儿童用药政策，商相关部门完善儿科临床药师职称评定和培养标准。中医药主管部门积极研究儿科中成药的产业扶持政策，协同指导中医医院落实儿童用药政策。疾病预防控制主管部门支持做好儿童用传染病防治药品保障相关工作。工业和信息化主管部门研究完善儿童用药生产技术改造升级、产业链协同攻关和供应保障政策。金融监管部门研究完善儿童用药商业健康保险支持政策。知识产权部门健全完善儿童用药知识产权保护制度。医保部门研究完善儿童用药医保支持政策。药监部门组织做好儿童用药优先审评审批和质量监管。
本意见自印发之日起施行。原国家卫生计生委等6部门联合印发的《关于保障儿童用药的若干意见》（国卫药政发〔2014〕29号）同时废止。
国家卫生健康委   工业和信息化部
金融监管总局   国家知识产权局
国家医保局       国家中医药局
国家疾控局          国家药监局
2026年4月22日
（信息公开形式：主动公开）
中国医保，一生守护！维护医保基金安全，人人有责！打击欺诈骗保举报电话：010-89061396，010-89061397；邮箱：jubao@nhsa.gov.cn。",
国家药品监督管理局 公安部 国家卫生健康委员会 国家市场监督管理总局 国家医疗保障局 国家中医药管理局 国家疾病预防控制局关于发布《医药代表管理办法》的公告（2026年第42号）,2026-05-15,https://www.nhsa.gov.cn/art/2026/5/15/art_104_20513.html,"来源：国家药品监督管理局官网
为规范医药代表学术推广行为，进一步加强医药代表管理，端正行业秩序、净化行业风气，国家药监局会同公安部、国家卫生健康委、市场监管总局、国家医保局、国家中医药局、国家疾控局对《医药代表备案管理办法（试行）》进行修订，形成《医药代表管理办法》（见附件）。现予以发布。
按照《医药代表备案管理办法（试行）》已在医药代表备案平台备案的医药代表信息继续有效。新备案的医药代表应当符合《医药代表管理办法》的有关资质要求。
规范医疗器械生产经营企业管理其聘用在医疗机构从事医疗器械产品信息传递、沟通、反馈等学术推广活动专业人员的文件另行制定。
特此公告。
附件：医药代表管理办法
国家药监局             公  安  部 
国家卫生健康委      市场监管总局
国家医保局      国家中医药局
国家疾控局
2026年4月28日
中国医保，一生守护！维护医保基金安全，人人有责！打击欺诈骗保举报电话：010-89061396，010-89061397；邮箱：jubao@nhsa.gov.cn。",https://www.nhsa.gov.cn/picture/0/b4c0df01d29247919ad073c669745654.png; https://www.nhsa.gov.cn/picture/0/9d1f100c69f649cbbdb3d9301e701ce4.png
国家医疗保障局关于印发《医疗保障基金监督检查五年行动计划（2026年—2030年）》的通知,2026-05-13,https://www.nhsa.gov.cn/art/2026/5/13/art_104_20494.html,"文件下载链接：国家医疗保障局关于印发《医疗保障基金监督检查五年行动计划（2026年—2030年）》的通知.txt
链接：关于《医疗保障基金监督检查五年行动计划（2026年—2030年）》政策解读
中国医保，一生守护！维护医保基金安全，人人有责！打击欺诈骗保举报电话：010-89061396，010-89061397；邮箱：jubao@nhsa.gov.cn。",https://www.nhsa.gov.cn/picture/0/42aa955ca520441492aac5a1ea491f00.jpg
国家医疗保障局办公室关于印发《医保医用设备（成像类）编码规则和方法》的通知,2026-05-11,https://www.nhsa.gov.cn/art/2026/5/11/art_104_20459.html,"文件下载链接：国家医疗保障局办公室关于印发《医保医用设备（成像类）编码规则和方法》的通知.txt
链接：百万台医用成像设备有了“医保身份证”！19位编码助力医保精细化管理再升级
中国医保，一生守护！维护医保基金安全，人人有责！打击欺诈骗保举报电话：010-89061396，010-89061397；邮箱：jubao@nhsa.gov.cn。",https://www.nhsa.gov.cn/picture/0/9daca55fb4ec4400b5bd0705c301564c.jpg
国务院办公厅关于健全药品价格形成机制的若干意见,2026-04-14,https://www.nhsa.gov.cn/art/2026/4/14/art_104_20214.html,"来源：中国政府网
国务院办公厅关于健全药品价格形成机制的若干意见
国办发〔2026〕9号
各省、自治区、直辖市人民政府，国务院各部委、各直属机构：
为贯彻落实党中央、国务院决策部署，进一步健全药品价格形成机制，经国务院同意，现提出以下意见。
一、总体要求
以习近平新时代中国特色社会主义思想为指导，深入贯彻党的二十大和二十届历次全会精神，坚持以人民为中心的发展思想，充分发挥市场在资源配置中的决定性作用，更好发挥政府作用，有效服务药品领域全国统一大市场建设，健全以市场为主导的药品价格形成机制，更好激发市场活力、促进公平竞争、维护市场秩序，突出临床价值和用药可及，支持医药产业高质量发展，保障人民群众获得质优价宜药品。
二、完善重点环节药品价格政策
（一）优化创新药等新上市药品首发价格机制。实行新上市药品企业自评制度，引导医药企业做好自评，综合临床价值、市场供求、竞争格局、社会承受能力等因素自主合理定价，接受社会监督和同行评议。对新上市药品价格制定，区分高水平创新药、改良新药、通用名药（即仿制药）等情形，分别予以政策支持和引导。对创新程度高、临床价值大的高水平创新药，支持在上市初期制定与高投入、高风险相符的价格，在一定时期内保持价格相对稳定。对改良新药等，鼓励引导制定与患者获益相匹配的价格。对通用名药等其他新上市药品，引导医药企业参照同通用名、同作用机制、同功能主治药品价格合理定价。根据真实世界研究结果和临床使用实效，医药企业可在药品首发价格基础上适当调整价格水平。
（二）发挥医保支付标准对药品价格形成的引导作用。坚持基本医保“保基本”，兼顾患者获益和鼓励创新，优化医保目录调整规则。对申报纳入医保目录的独家药品，在医保基金可承受的前提下，综合首发价格合理性等因素，与医药企业谈判形成与经济社会发展水平和市场规模相匹配、合理体现药品临床价值的支付标准。医药企业根据协议约定按不高于支付标准的价格向医保定点医药机构供应谈判药品，向非医保定点医药机构供应谈判药品的市场价格可不受支付标准约束。在通用名药上市后，各省份应及时推动参照通用名药价格调整支付标准。对申报纳入医保目录的非独家药品，通过竞价等方式形成支付标准。
（三）健全药品集中带量采购价格形成机制。深入推进药品集中带量采购规范化制度化常态化，拓宽医药生产企业对接供应医疗机构的渠道。对供应多元、上市多年的药品，坚持需求导向、质量优先，招采合一、量价挂钩，通过企业自愿参与、自主报价、公平竞争形成合理价格。针对不同种类药品特点优化集中带量采购规则，规范开展协议期满接续采购，加强对地方集中带量采购工作的指导，促进公平竞争，保障中选药品质量和供应稳定。加强医保支付标准与集中带量采购中选价格的政策协同，对医保目录内纳入集中带量采购的同通用名药品，以中选价格为基准确定医保支付标准。
（四）完善药品挂网价格管理。加快建设招标、采购、交易、结算、监督一体化的省级医药采购平台。供应给公立医疗机构的药品应在省级医药采购平台挂网挂价，新上市药品按首发价格挂网，集中带量采购药品、谈判和竞价医保药品按协议价格挂网，其他药品由上市许可持有人按照挂网规则和药品差比价规则合理确定挂网价格，完善挂网价格动态调整制度。优化挂网规则，推动参比制剂、通用名药体现合理价格梯度，促进不同企业生产的同通用名药品价格相对均衡。
三、推动相关主体发挥药品价格发现作用
（五）发挥医疗机构专业作用。公立医疗机构使用的所有药品均应通过省级医药采购平台采购并实行零差率销售（不含中药饮片）。实行中药配方颗粒零差率政策。推动医疗机构及时在省级医药采购平台登记实际采购价格，研究挂网价格与议定价格合理联动的有效方式，调动医疗机构主动控费积极性。集中带量采购中选药品和协议期内谈判药品不得议价。采取综合措施切断医和药之间的利益链。完善药学类医疗服务价格政策。
（六）引导药店合理制定药品零售价格。零售药店药价由经营者自主确定，通过市场竞争形成。推行医保定点药店医保药品公开比价。编制医保定点药店医保药品量价比较指数，引导医保药品价格更加合理。加强对医保定点药店的协议管理，定期评估价格执行情况。鼓励医保定点药店参与药品集中带量采购、以适宜价格销售，引导中选企业稳定供应，提高中选药品可及性和覆盖面。
（七）用好网上药店价格发现功能。利用网上药店信息透明、比价便利、竞争充分的特点，常态化开展线上线下比价，研判异常价格，促进不同渠道药品公平合理定价。引导网络平台经营者加强平台内网上药店管理，发现医药企业、网上药店等存在违法违规行为的，及时报告有关部门。
四、引导关键领域药品价格保持合理水平
（八）促进创新药多元支付与价格合理形成。完善多层次医疗保障体系，充分发挥商业健康保险、公益慈善等功能作用，引入多方参与创新药价格协商，拓宽创新药支付渠道。加快商业健康保险创新药品目录落地实施，推荐商业健康保险和医疗互助等多层次医疗保障体系参考使用。发挥医保信息平台优势，鼓励医药企业、慈善组织、专项基金等社会力量为创新药使用者提供精准有效帮扶。
（九）强化短缺药保供稳价。加强国家和省级短缺药品清单、临床必需易短缺药品重点监测清单动态调整管理。优化短缺药品直接挂网规则，加强分类管理、信息披露和监测评估。国家医药储备应急调用或纳入上述清单的药品，可由医疗机构与医药企业议定临时采购价格，在省级医药采购平台采购并备案。
（十）加强麻醉药品和精神药品价格管理。依法对麻醉药品和第一类精神药品实行政府指导价，新上市且尚未制定政府指导价的，由医药企业自主合理制定临时价格，按规定及时报送医保部门。在省级医药采购平台申报挂网的，挂网价格不得高于政府指导价或已报送的临时价格。
（十一）规范药品原辅料价格行为。推进药品原辅料价格信息共享，引导原辅料企业向制剂企业直接供应，支持“原辅料+制剂”一体化发展。防范关键药用辅料、药用包材无序涨价。加强中药材价格引导，在完善质量评价的基础上促进中药优质优价。
五、加强药品价格治理
（十二）加强药品价格监测预警。依托医保信息平台，加强全国挂网药品价格一览表等数据应用，实施药品价格智能监测。推进药品追溯码在药品流通领域全链条应用。完善医药价格指数机制。加强监测成果运用，实行药品价格风险预警，以有效竞争形成的价格为基准，对同通用名药品中价格明显偏高的进行价格风险提示。
（十三）推进药品价格协同治理。强化跨部门联合监管，加强药品审评审批、流通供应、配备使用、支付保障等政策与价格政策协调衔接。健全药品价格风险处置制度，采取书面问询、成本调查、约谈提醒、公开问询等措施督促企业规范价格行为。完善医药价格和招采信用评价制度，加大对药品购销领域失信行为的约束和纠治力度。坚决打击围标串标等违法违规行为，有效防范非理性竞价中标影响正常供应，维护集中带量采购市场和价格秩序。强化药品价格和反垄断执法，依法严厉惩处药品和原辅料生产经营领域以缺逼涨、垄断涨价、操纵市场价格等违法违规行为。加强医药领域全链条穿透式审计监督。
（十四）建立药品医保价值评估制度。健全药品真实世界研究框架、规则和程序，鼓励支持对医保目录和商业健康保险创新药品目录药品开展真实世界研究，科学客观评估药品价值，为医保目录和支付标准动态调整提供参考。加强药品医保价值评估能力建设，助推医药产业创新发展。
六、加强组织实施
医保部门要履行牵头职责，统筹推进政策落实。各有关部门要按照职责分工，加强协同配合，形成工作合力。各地区要高度重视药品价格工作，加强组织协调，结合实际抓好贯彻落实。
国务院办公厅
2026年3月30日
（此件公开发布）
中国医保，一生守护！维护医保基金安全，人人有责！打击欺诈骗保举报电话：010-89061396，010-89061397；邮箱：jubao@nhsa.gov.cn。",
国家医保局 民政部 财政部 人力资源社会保障部 农业农村部 国家卫生健康委 国家税务总局 中国残疾人联合会关于印发《加快建立长期护理保险制度实施方案》的通知,2026-03-26,https://www.nhsa.gov.cn/art/2026/3/26/art_104_20039.html,"各省、自治区、直辖市及新疆生产建设兵团医保局、民政厅（局）、财政厅（局）、人力资源社会保障厅（局）、农业农村厅（局）、卫生健康委、残联，国家税务总局各省、自治区、直辖市和计划单列市税务局：
为贯彻落实《中共中央办公厅 国务院办公厅关于加快建立长期护理保险制度的意见》，稳妥有序推进长期护理保险制度落地实施，我们研究制定了《加快建立长期护理保险制度实施方案》，现印发给你们，请结合本地实际，采取务实举措，认真抓好贯彻落实。
国家医保局 民政部 财政部
人力资源社会保障部 农业农村部
国家卫生健康委 国家税务总局
 中国残疾人联合会
（本文有删减）
加快建立长期护理保险制度实施方案
为做好《中共中央办公厅 国务院办公厅关于加快建立长期护理保险制度的意见》贯彻落实，推进长期护理保险制度落地实施，制定实施方案如下。
一、目标任务
按照“覆盖全民、统筹城乡、公平统一、安全规范、可持续”的总要求，有力有序推进改革实施，加快建立长期护理保险制度。用3年左右时间，基本建立适应我国基本国情的长期护理保险制度，形成保障长期护理基本需求的独立的社会保险制度安排。
——统筹城乡的制度安排基本确立，政策体系统一规范。
——制度实施范围稳步拓展，参保覆盖范围逐步扩大。
——责任共担的资金筹集机制、公平适度的待遇保障机制逐步健全，制度可持续性明显增强。
——科学规范的管理运行机制基本形成，管理水平和治理效能不断提升。
——制度保障功能有效发挥，失能群众家庭照护的经济和事务负担切实减轻，长期护理相关产业发展协同促进作用持续发挥。
二、合理制定基本政策
（一）确立制度安排。
1.参保对象。用人单位（包括企业、事业单位、机关、社会组织）以及单位职工、退休人员、灵活就业人员和未就业城乡居民等按照属地管理原则，参加长期护理保险。各地建立长期护理保险制度，可根据实际先从覆盖单位职工、退休人员、灵活就业人员等人群起步，逐步将未就业城乡居民纳入保障范围。
2.制度模式。统一制度安排，基金统一建账，资金统筹使用。国家层面建立长期护理保险基准费率制度，规范缴费基数政策、合理确定费率，明确基准待遇标准，并根据制度发展需要实行动态调整。依据缴费标准不同，待遇标准分就业人员和非就业人员两类设置。在完善量能筹资机制、均衡就业人员与非就业人员缴费责任的基础上，逐步适度均衡待遇水平。
3.统筹层次。长期护理保险从市地级统筹起步。市地级统筹地区制度政策统一、基金统收统支、管理服务一体。有条件的省份可探索按照政策统一规范、基金调剂平衡、完善分级管理、强化预算考核、优化管理服务的要求推动省级统筹。
（二）规范资金筹集。
1.单位职工。单位职工参加长期护理保险由用人单位和职工个人共同缴费，与职工基本医疗保险费共同缴纳。根据国家层面基准费率合理确定费率，总体费率控制在0.3%左右，由用人单位和个人按同比例分担，各为0.15%左右。用人单位缴费基数为职工工资总额，个人缴费基数为本人工资收入。
职工基本医疗保险统筹基金结余较为充足的地方，建立长期护理保险制度当年可在充分测算评估、确保调整职工基本医疗保险单位费率后职工基本医疗保险统筹基金累计结余可支付月数不少于12个月且不出现当期赤字的基础上，合理调整职工基本医疗保险单位费率（不超过长期护理保险单位费率），调整部分用作长期护理保险单位费率。
职工基本医疗保险个人账户可以用于本人及近亲属（包括配偶、父母、子女、兄弟姐妹、祖父母、外祖父母、孙子女、外孙子女）参加长期护理保险的个人缴费。
2.未就业城乡居民（农民和未就业城镇居民，下同）。未就业城乡居民长期护理保险按年筹集资金，与城乡居民基本医疗保险费共同缴纳。筹资由个人缴费和政府补助构成，二者比例为1:1左右。政府补助由中央财政和地方财政共同承担。
各地建立长期护理保险制度当年，未就业城乡居民费率减半从0.15%左右起步，用5年左右时间逐步过渡到0.3%左右，有条件的地方也可从0.3%左右起步。缴费基数为所在统筹地区上年度城乡居民人均可支配收入。地方也可统筹考虑城乡差异，在充分开展精算、确保基金收支平衡的情况下，在农村地区按上年度农村居民人均可支配收入核定缴费基数。实施城乡差异化筹资的统筹地区应明确划分农村地区的范围，加强相关部门之间的信息共享，确保参保人员按照制度规定的标准缴费，避免选择性参保。鼓励有条件的地方探索完善更加科学精细的量能筹资机制。
3.退休人员。退休人员由个人缴费，原用人单位不缴费。费率同单位职工个人费率，为0.15%左右，缴费基数为本人基本养老金。经个人同意，费款可由医保部门从其职工基本医疗保险个人账户代扣代缴，有条件的地方也可由发放基本养老金的社会保险经办机构代扣代缴。各地因地制宜探索完善具体扣缴方式。
4.灵活就业人员。鼓励灵活就业人员按单位职工费率标准参保，由个人按规定缴费，费率0.3%左右，缴费基数可按统筹地区上年度社会平均工资的一定比例（不低于60%）确定；灵活就业人员也可选择按未就业城乡居民参保政策参保缴费。
5.困难人群。政府对符合条件的困难人群个人缴费部分予以分类资助，全额资助特困人员，定额资助低保对象、符合条件的防止返贫致贫对象。定额资助标准由省级政府根据实际确定。
6.18周岁以下人员。18周岁以下未就业人员跟随父母或其他法定抚养人等参保，不单独筹资，符合待遇享受条件的按未就业城乡居民待遇标准享受待遇。孤儿、事实无人抚养儿童中无法跟从参保的，可视同参保。各地可结合实际情形细化政策规定，确保符合条件的18周岁以下人员应参尽参。
（三）实施待遇保障。
1.保障对象。按规定参保缴费且失能状态长期持续（一般为6个月以上），经申请通过评估认定的失能人员，可按规定享受相关待遇。长期护理保险制度起步阶段保障重度失能人员。随着经济发展和制度完善，国家层面统一研究逐步扩大保障对象范围，并根据基金支出需求动态调整费率。
2.待遇基准。基于国家层面长期护理保险基准待遇标准，各地在做好需求摸底和基金测算等的基础上，根据实际合理确定具体待遇标准。待遇享受不设起付标准。符合规定的长期护理服务费用，按未就业城乡居民参保政策参保的，基金支付比例为50%左右；按单位职工参保政策参保的，基金支付比例为70%左右，退休人员享受单位职工参保待遇；灵活就业人员依据选择的参保政策类型享受相应待遇。参保人员基金年度最高支付限额不超过统筹地区上年度城乡居民人均可支配收入的50%。根据不同失能等级确定差别化待遇标准。
3.服务方式。支持机构护理、居家护理、社区护理等服务提供方式。根据服务提供方式等实行差别化待遇保障政策，鼓励使用居家和社区护理服务，在支付比例上给予适当倾斜。
4.基金支付。基金主要用于支付符合规定的长期护理服务机构和人员提供长期护理基本服务所发生的费用，原则上不直接向失能人员发放现金。新实施长期护理保险制度的地方要严格执行国家层面统一的长期护理保险服务项目目录，不得随意调整或变更服务范围，此前开展长期护理保险制度试点的城市做好原有目录与国家层面目录的对照映射，3年左右逐步统一规范。国家层面根据人口形势变化和制度发展，研究探索将长期护理相关智能化服务和支持性辅助器具等纳入支付范围。
5.激励约束机制。探索建立缴费时长和待遇水平相挂钩的连续参保激励机制，对连续参保的按规定适当提高支付比例。除新生儿等特殊群体外，对未在当地长期护理保险制度启动时初次参保，以及中断缴费后再次参保的情形，应制定待遇享受等待期、阶段性调低待遇水平等约束性措施，具体措施和标准由各地根据自身情况确定。待遇享受固定等待期原则上按照6个月设置，并随着断保年限的增加相应延长等待期。探索建立参保诚信机制。
6.政策衔接。对机构床位费、膳食费等非护理服务费用以及应由医疗保险支付的医疗费用，基金不予支付。领取工伤保险生活护理费的参保人员，不重复享受长期护理保险相关服务待遇。做好长期护理保险与经济困难的高龄、失能老年人补贴以及重度残疾人护理补贴等政策的衔接。
三、持续优化管理服务
（一）统一评估管理。
完善全国统一的失能等级评估标准，推动评估结果全国范围互认、有关部门按需使用。统筹利用现有评估认定力量，鼓励支持发展专业独立的社会化评估机构，实行定点管理。探索发挥家庭医生、养老服务师在失能等级评估和服务计划制定中的作用。建立健全评估服务费由基金和个人合理分担机制，可综合考虑评估结果等因素，明确评估服务费由基金和个人合理分担的具体情形，避免随意过度使用评估申请权。原则上参保人首次评估通过的评估服务费，以及按制度要求参加定期复评的评估服务费，由基金支付。建立健全评估人员规范化培训机制。
（二）加强服务管理。
长期护理服务机构实行定点管理，促进长期护理保险定点护理服务机构资源合理配置，加强长期护理保险定点护理服务机构内部运行、服务提供、基金使用、信息化支撑等方面的规范化管理。根据定点管理需要，逐步按照政府采购的有关规定确定定点长期护理服务机构。鼓励基层医疗卫生机构、养老服务机构提供长期护理服务，符合条件的按规定纳入定点机构范围。
（三）规范支付管理。
国家层面指导地方建立符合长期护理保险服务特点的支付机制和协商谈判机制，明确按床日、按服务时长（服务包）等不同支付方式的适用范围。建立健全长期护理保险服务质量评价机制和费用控制激励约束机制。加强基金结算管理。
（四）严格基金管理。
基金纳入社会保障基金财政专户，单独建账、单独管理、专款专用。将长期护理保险纳入社会保险基金预算编制范围，科学编制收支预算，加强预算绩效管理，健全基金预算管理制度。严格执行基金财务制度，加强基金财务管理，规范基金收支。做好基金会计核算和统计分析。坚持以收定支、收支平衡，建立基金运行监控和风险防范机制，做好中长期精算分析。在长期护理保险基金出现支付困难时，应当按照规定及时调整筹资或待遇政策。
（五）强化基金监管。
建立健全基金监管体系，加强监管能力建设，创新监管手段和方式，强化对长期护理保险服务行为、评估行为等的监管，完善对欺诈骗保人员、机构惩戒机制。加强财会监督和审计监督，严肃财经纪律，确保基金安全。完善长期护理保险监管长效机制，逐步将长期护理保险基金使用纳入飞行检查、日常监管、智能监管、社会监督等常态化监管范围。加大长期护理保险基金监管执法力度，做好协议管理与行政监管衔接，建立健全重要线索、重大案件联查联办和追责问责机制，坚决守住基金安全底线。
（六）优化经办管理。
加强经办能力建设，建立健全经办管理服务体系。统筹地区经办机构应科学编制长期护理保险基金预决算草案。长期护理保险与基本医疗保险共同缴费。完善社会力量参与经办管理服务机制，指导各地依法依规通过公开招标等竞争性方式有序规范引入社会力量参与经办管理服务，相关费用依协议约定按比例或按定额从基金中支付。加强定点评估机构和服务机构协议管理，规范定点机构服务行为。构建长期护理保险失能等级评估和护理服务文书体系，统一规范全流程文书管理。构建长期护理保险评估和服务质控体系。完善对长期护理保险失能等级评估机构、护理服务机构和参与经办的第三方机构的考核评价和激励约束机制，强化考核结果应用，提高管理服务质效。研究做好跨统筹地区长期护理保险关系转移接续相关工作，加快完善异地参保、异地享受待遇的规定。做好灵活就业人员、农民工、新就业形态人员参保缴费工作，确保按规定享受待遇。
（七）做好配套支撑。
推动长期护理保险相关制度要求适时转化为法律规范，为长期护理保险制度实施提供法律支撑。加快全国统一的长期护理保险子系统建设应用。推进长期护理保险待遇享受人“一人一档”建设。推进长期护理保险标准化建设，建立健全专业技术标准组织和专家智库。
四、组织保障
（一）压实各级责任。
要切实加强组织领导，统筹把握改革节奏，在国家统一的制度框架下研究制定省级实施方案。各地在制定具体实施方案时，要结合本地经济发展水平、筹资缴费政策、人口老龄化趋势等合理确定待遇水平，确保制度可落地、基金可持续、财力可承受。充分调动市场力量，共同参与改革推进，为改革实施提供有力支撑。
（二）规范现有试点。
此前开展长期护理保险制度试点的城市，重点围绕筹资费率、待遇基准、评估标准、服务项目范围等方面，明确试点政策平稳过渡的具体规定和方式。优化完善资金筹集、待遇保障、标准体系、管理运行等方面关键政策，用3年左右时间，逐步向国家层面明确的改革方向和政策规定过渡。  
（三）加强部门协同。
加强医保、财政、税务、民政、卫生健康、人社、农业农村、残联等部门的协作配合，形成工作合力。医保部门负责牵头长期护理保险制度建设工作，制定基本政策，优化管理服务。财政部门负责及时足额安排相关财政补助资金、配合医保部门做好基金测算等。税务部门负责做好保费征收等工作。民政部门、卫生健康部门、残联与医保部门共同负责加强保险体系和服务体系协同联动、探索失能等级评估结果跨部门互认机制等。民政部门、财政部门、医保部门、残联共同做好相关保险与补贴制度的衔接。卫生健康部门负责鼓励基层医疗卫生机构提供长期护理服务、探索发挥家庭医生在失能等级评估中的作用等。人社部门负责配合做好长期护理保险与工伤保险衔接、退休人员保费代扣代缴等工作。农业农村部门负责做好防止返贫致贫对象认定和帮扶工作。残联协同做好残疾人参保相关工作。
（四）做好总结评估。
要及时开展阶段性总结，深入分析难点和问题，加强调研指导，组织研究解决。建立重点联系和定期调度工作机制，各省级医保部门要跟进调度本省长期护理保险制度建设情况，及时报告重大事项，按要求报送工作进展和政策制定等情况，确保信息上下贯通，工作上下联动，改革目标如期实现。根据制度实施推进情况，开展改革绩效评估，全面总结成效和经验，形成可复制、可推广的成果，推动制度建设稳步向好发展。要坚持系统观念，统筹制度政策、体制机制、措施办法的衔接配合。
中国医保，一生守护！维护医保基金安全，人人有责！打击欺诈骗保举报电话：010-89061396，010-89061397；邮箱：jubao@nhsa.gov.cn。",
国家医保局 国家发展改革委 国家卫生健康委关于医保支持基层医疗卫生服务发展的指导意见,2026-03-16,https://www.nhsa.gov.cn/art/2026/3/16/art_104_19931.html,"链接：《关于医保支持基层医疗卫生服务发展的指导意见》政策解读
文件下载链接：国家医保局 国家发展改革委 国家卫生健康委关于医保支持基层医疗卫生服务发展的指导意见.txt
中国医保，一生守护！维护医保基金安全，人人有责！打击欺诈骗保举报电话：010-89061396，010-89061397；邮箱：jubao@nhsa.gov.cn。",https://www.nhsa.gov.cn/picture/0/c61f7b09a89b4b4c9c5f3cff1345a71d.jpg; https://www.nhsa.gov.cn/picture/0/b12626d4620c4cf28c6f73edc13ab403.jpg
国家医疗保障局办公室关于印发《医保领域“高效办成一件事”2026年度第一批重点事项清单》的通知,2026-02-10,https://www.nhsa.gov.cn/art/2026/2/10/art_104_19639.html,"文件下载链接：国家医疗保障局办公室关于印发《医保领域“高效办成一件事”2026年度第一批重点事项清单》的通知.txt
中国医保，一生守护！维护医保基金安全，人人有责！打击欺诈骗保举报电话：010-89061396，010-89061397；邮箱：jubao@nhsa.gov.cn。",https://www.nhsa.gov.cn/picture/0/e46786843f8f437c9ca65c406fbcb766.jpg; https://www.nhsa.gov.cn/picture/0/5745ce5fdb3348cbbdd45300de83b462.jpg
国家医保局关于加快医疗保障领域场景培育和开放 支持新场景大规模应用的通知,2026-02-05,https://www.nhsa.gov.cn/art/2026/2/5/art_104_19590.html,"文件下载链接：国家医保局关于加快医疗保障领域场景培育和开放 支持新场景大规模应用的通知.txt
链接：《关于加快医疗保障领域场景培育和开放 支持新场景大规模应用的通知》政策解读
中国医保，一生守护！维护医保基金安全，人人有责！打击欺诈骗保举报电话：010-89061396，010-89061397；邮箱：jubao@nhsa.gov.cn。",https://www.nhsa.gov.cn/picture/0/a2f203b2d3d24cd0bf04a4d873357c3f.jpg
国家医疗保障局关于做好2026年医疗保障基金监管工作的通知,2026-02-02,https://www.nhsa.gov.cn/art/2026/2/2/art_104_19556.html,"各省、自治区、直辖市及新疆生产建设兵团医疗保障局：
为深入学习贯彻习近平总书记关于医保基金监管重要指示批示精神，贯彻落实党的二十届四中全会、二十届中央纪委五次全会要求，深入整治违法违规使用医保基金问题，持续加大医保基金监管力度，巩固基金监管高压态势，健全完善长效制度机制，坚决守住医保基金安全底线，现就做好2026年医疗保障基金监管工作通知如下：
一、持续开展医保基金管理突出问题专项整治
在巩固2025年医保基金管理突出问题专项整治工作成效的基础上，国家医保局将会同相关部门继续开展专项整治，针对欺诈骗保问题，坚定不移“减存量、遏增量”。各级医保部门要进一步提高思想认识，坚决扛起维护医保基金安全政治责任，将专项整治作为首要任务，坚持“一把手”负总责，多措并举加大整治力度，持续推进专项整治工作走深走实。要坚持守正创新、巩固深化，深入总结专项整治有效经验和成果，固化一批成熟经验做法；要坚持问题导向、突出重点，紧盯群众反映强烈的突出问题和新情况新问题，加大打击力度；要坚持标本兼治、综合施策，围绕深层次问题，强化源头治理，完善长效机制，实现以查促改、以查促治。
二、全面推动飞行检查扩面提质
持续加大飞行检查力度，统筹国家飞检、省级飞检、市级交叉互查，一体推进年度飞检、专项飞检、“点穴式”飞检，实现飞行检查全面覆盖全国所有省份，覆盖定点医药机构、经办机构、参保人、参保单位等各主体，覆盖基本医保、生育保险、大病保险、长护险等各险种。年度飞检重点聚焦医保基金运行风险高、住院率畸高、医保支付率异常、飞检问题整改不力的统筹地区，聚焦基金使用量大、举报和大数据筛查问题线索较为集中的定点医药机构，聚焦骨科、肿瘤、检查检验、眼科、口腔、普通外科、神经内科等重点领域。专项飞检重点聚焦社会关注焦点、群众反映强烈问题等违法违规使用医保基金突出问题。探索开展长护险专项飞行检查。“点穴式”飞检重点聚焦大数据筛查异常线索、举报投诉问题线索、自费率畸高机构等开展短平快检查。各省级医保部门要加强组织领导，积极配合国家飞行检查，深入开展省级飞行检查，统筹指导地市交叉检查，确保2026年飞行检查工作扎实有序开展。
三、拓展深化药品追溯码监管应用
继续开展应用药品追溯码打击医保领域违法违规问题专项行动，巩固打击倒卖医保回流药高压态势，精准打击倒卖回流药、串换医保药品、空刷套刷医保凭证、超量开药等涉药违法违规行为。持续进行药品追溯码异常线索筛查并阶段性下发地方核查处置。深化与公安、药监等部门联查联办机制，对涉嫌倒卖回流药的职业开药人、药贩子、药品批发企业、医药机构、网络售药平台等进行全链条穿透式打击。深化与药监部门协同联动，推动打击倒卖医保回流药向自费和非定点医药机构延伸，形成监管闭环，更全面深入遏制回流药历史顽疾。加大信息化技术应用，让回流药信息充分曝光，让倒卖药品者受到应有惩罚，在全社会牢固树立“收回流药违法，卖回流药犯罪”的共识与氛围。
四、创新探索人工智能等前沿技术和新场景监管应用
持续加大各类大数据监管模型的研发应用力度，以典型违法违规行为、药品耗材、诊疗项目、重点人群、病种、险种等为重点，不断丰富健全大数据监管模型矩阵。持续创新拓展“人工智能+医保监管”的实践路径和应用场景，基于“一病一档”建设，探索开发与DRG/DIP支付方式相适配的单病种及多病种监管模型，破解DRG/DIP支付方式下高编高套、分解住院、转嫁费用等监管难点，推动基金监管从项目监管向项目和病种协同监管转变；基于医保影像云建设，探索“人工智能+影像识别”，精准发现植入类耗材异常、虚假检查、重复检查、虚构病情等违法违规行为；基于多维数据采集，探索“人工智能+病例判读”，对过度诊疗、虚假诊疗等问题的监管提供线索支持；基于全国医保政策，探索构建“人工智能+医保规则”，通过人工智能自动生成监管规则、筛查疑点线索、精准发现问题；基于新技术研发，探索热成像、毫米波雷达、场景捕捉等多元技术的监管应用。持续推进反欺诈大数据监管试点成果的转化应用，各地成熟的监管模型经国家医保局验证有效后嵌入国家医保信息平台，推广应用至全国。深入开展智能监管改革试点工作，鼓励地方大胆探索、先行先试，创新开展“人工智能+医保监管”实践探索，及时总结可复制、可推广的经验做法。国家医保局将加强统筹指导和跟踪评估，对地方的创新实践给予政策支持和经验推广。
五、全面加强线索核查和问题处置整改
各级医保部门要认真开展线索核查，对国家医保局下发的举报投诉线索和大数据筛查疑点线索，按时限要求及时反馈查处结果，省级医保部门要对反馈核查结果严格把关。要严格违法违规问题后续处置，综合运用协议管理、行政处罚、支付资格管理等方式，确保达到惩戒教育效果。对涉及欺诈骗保的机构，坚决解除或中止医保定点协议，严格按规定限期不予受理定点申请，对相关人员予以医保支付资格记分处理。加大典型案件曝光和内部通报力度，强化警示震慑。深化“行行衔接、行刑衔接、行纪衔接”机制，强化一案多查、联合惩戒。要举一反三，以查促改促治，针对检查发现的普遍性、区域性、突出性问题，通过恳谈、约谈、集体教育等方式，督促全面自查，推动面上治理。国家医保局将适时组织开展专项飞行检查，对下发线索核查结果存疑的举报投诉线索和大数据筛查疑点线索进行抽查复核，对飞检处置整改不力的进行“回头看”。发现有案不查、包庇纵容、作风漂浮、敷衍了事的，将严肃处理。
六、持续完善事前事中事后全流程智能监管体系
统筹推进医药机构端事前提醒、经办端事中审核、行政端事后监管“三道防线”建设，形成梯次拦截违法违规行为的协同效应。推动监管关口前移，强化事前提醒，将各类违法违规行为消灭在萌芽状态，不断减少违法违规问题的发生。坚持“两条腿走路”，加快推进事前提醒系统落地应用，力争2026年底前实现定点医药机构接入率达到70%以上。对于中小医药机构，鼓励其接入各省医保信息平台的事前提醒功能模块，实现免费调用；对于技术实力较强、信息化基础较好的大型医药机构，鼓励其将国家公开的“两库”规则和知识点嵌入医院HIS系统，提高运行效率，满足个性化管理需要。国家医保局将有组织有计划地通过智能监管系统部署、公开出版书籍、局官网公众号等方式动态发布两库规则，持续赋能各级医保部门和广大定点医药机构，为事前提醒工作提供有力支撑。完善事前、事中、事后有效衔接工作机制。定期总结收集事前提醒、事中审核中形成的成熟有效规则和知识点，经研究论证及时纳入“两库”；积极推进超量开药智能监管事前提醒工作，适时将事后监管中成熟适宜规则推送到事前、事中，以事后监管赋能事前提醒和事中审核。
七、不断健全监管长效制度机制
加快出台《医疗保障基金使用监督管理条例实施细则》，配套制定行政执法裁量基准，加强宣讲培训和落地实施。研究制定进一步加强定点零售药店职工基本医疗保险个人账户使用监督管理的政策举措，规范个人账户资金使用。研究制定长期护理保险基金监管相关制度。持续开展定点医药机构自查自纠，压实定点医药机构主体责任。全面落实医保支付资格管理制度，完善记分情形、记分规则、信息公开等措施，加快实现记分信息全国联网，鼓励定点医药机构将人员记分与绩效考核、职称晋升、评先评优等挂钩。探索开展激励约束并重的信用管理机制。开展定点医药机构信用管理机制试点，区分不同机构类型等级，综合考虑违法违规情况、自查自纠、内部控制、配合监督检查等进行记分，记分结果与检查频次、绩效考核等挂钩。
八、积极推进精准滴灌的宣传教育引导
研究制定《关于进一步加强医保基金监管宣传教育引导工作的指导意见》，建立常态化的宣教机制，引导医保基金使用各主体主动自律、自省、自警，全面营造合理规范使用医保基金的良好氛围。坚持正反结合，加强宣传培训的力度和频次，继续组织好医保基金监管集中宣传月活动，通过送政策上门、专题培训、集中宣传、答疑解惑等方式，提升社会各界对医保法律法规、政策制度的掌握和理解；选取反面典型案例开展以案说法和警示教育。坚持内外有别，按照“区分性质、分类处置”的原则，对性质恶劣、屡教不改或普遍存在的问题，坚决公开曝光，强化警示震慑；对情节较轻的一般违规问题和苗头倾向问题，通过广覆盖、多频次开展窗口指导、恳谈约谈、内部通报等方式，强化教育引导。坚持精准滴灌，针对医院、药店、参保人等不同主体，公立、民营等不同性质，大、中、小等不同规模，欺诈骗保、过度诊疗、违规收费等不同违规行为，分类制作针对性、典型性较强的警示教育素材，并分类广泛开展培训教育，通过精准有力“敲警钟”，推动以案促改、以案促治。
九、着力强化基金监管法治化规范化专业化廉洁化建设
坚持依法行政，规范行政裁量权，完善基金监管执法程序，加强执法监督。全面推进国家医保信息平台基金监管飞行检查、举报投诉、线索核查、行政执法等模块应用，加强飞检全过程管理，持续规范检查流程，健全违法违规问题认定标准，统一规范飞检文书和报告。认真落实重大事项请示报告制度，及时将重大案件线索、苗头性问题、国家飞检结果处置情况等重大事项报国家医保局。加强监管人员业务能力培养，健全医保基金监管培训体系，着力强化复合型能力培养，建立基金监管咨询专家库。强化基金监管队伍纪律作风建设，坚守廉洁自律底线，坚决落实飞行检查“十不准”，不断提升医保基金监管系统拒腐防变能力，在全系统营造鼓励较真碰硬、担当作为的良好氛围。
国家医疗保障局
2026年1月21日
中国医保，一生守护！维护医保基金安全，人人有责！打击欺诈骗保举报电话：010-89061396，010-89061397；邮箱：jubao@nhsa.gov.cn。",
关于印发《〈社会保险基金会计制度〉补充规定》的通知,2026-01-30,https://www.nhsa.gov.cn/art/2026/1/30/art_104_19540.html,"来源：财政部官网
国家医保局，各省、自治区、直辖市、计划单列市财政厅（局），新疆生产建设兵团财政局，有关单位：
为进一步规范医保经办机构对医疗保障基金相关业务的会计处理，服务加强医保基金管理，我们制定了《〈社会保险基金会计制度〉补充规定》，现予印发，请遵照执行。
财 政 部
2025年12月23日
《社会保险基金会计制度》补充规定
根据《中华人民共和国会计法》，结合《社会保险基金会计制度》（财会〔2017〕28号）实施以来出现的新情况，制定本规定。
一、关于长期护理保险基金和城乡医疗救助基金的会计制度依据
各级经办机构经办的长期护理保险基金、城乡医疗救助基金的会计处理，参照执行《社会保险基金会计制度》。
二、会计科目设置及其使用说明
（一）关于职工基本医疗保险基金、城乡居民基本医疗保险基金“1101暂付款”科目的明细科目设置及会计处理。
1.经办机构应当在本科目下增设“医保预付金”明细科目，核算经办机构按规定拨付定点医疗机构的基本医疗保险基金预付金（以下简称医保预付金）。经办机构可以根据管理需要在该明细科目下按照预付对象进行明细核算或辅助核算。
经办机构拨付医保预付金时，按照预付的金额，借记“暂付款——医保预付金”科目，贷记“支出户存款”等科目。收回预付金的，按照交回的金额，借记“支出户存款”等科目，贷记“暂付款——医保预付金”科目。冲抵结算的，按照冲抵结算的金额，借记“社会保险待遇支出”等科目，贷记“暂付款——医保预付金”科目。
2.经办机构应当在本科目下增设“集采预付金”明细科目，核算经办机构按规定拨付定点医疗机构用于药品和医用耗材集中带量采购的预付金。经办机构可以根据管理需要在该明细科目下按照预付对象进行明细核算或辅助核算。
3.经办机构应当在本科目下增设“直接结算资金”明细科目，核算经办机构在与医疗机构定期结算前直接与药企结算的药品和医用耗材资金。经办机构可以根据管理需要在该明细科目下按照预付对象进行明细核算或辅助核算。
经办机构向药企拨付药品和医用耗材款时，按照预付的金额，借记“暂付款——直接结算资金”科目，贷记“支出户存款”科目。与医疗机构定期结算时，按照冲抵结算的金额，借记“社会保险待遇支出”等科目，贷记“暂付款——直接结算资金”科目。
（二）关于城乡居民基本医疗保险基金“2001暂收款”科目的明细科目设置及会计处理。
经国家医保局和财政部备案同意，将本年收取的以后年度城乡居民基本医疗保险参保资金（例如第四季度收取的下年度保费）确认为本年度暂收款的，经办机构应当在本科目下增设“待确认收入”明细科目，核算本年度收取的以后年度城乡居民基本医疗保险参保资金。城乡居民基本医疗保险基金预收的以后年度保费，应当按照有关缴费政策规定在对应的受益年度进行确认。
经办机构收到以后年度参保资金时，应当按照实际收到的金额，借记“国库存款”、“财政专户存款”等科目，贷记“暂收款——待确认收入”科目。
对应的受益年度，经办机构应当将前期暂收的参保资金确认为当期收入，在受益年度首月，按照应当确认的保费金额，借记“暂收款——待确认收入”科目，贷记“社会保险费收入”科目。
（三）关于城乡居民基本医疗保险基金“5101大病保险支出”科目的明细科目设置及会计处理。
经办机构应当在本科目下增设“商业保险机构承办”、“自行经办待遇支出”明细科目，分别核算划转商业保险机构承办以及医保经办机构自行经办的大病保险资金。
在经办机构自行经办的情况下，从城乡居民基本医疗保险基金划转大病保险保费时，按照划转的金额，借记本科目“自行经办待遇支出”明细科目，贷记“支出户存款”、“财政专户存款”等科目。
在商业保险机构承办的情况下，经办机构应当在“商业保险机构承办”明细科目下增设“划转保费支出”、“风险赔付”、“盈余返还”、“其他支出”明细科目，按照以下要求进行明细核算：
1.“划转保费支出”明细科目，核算从城乡居民基本医疗保险基金向商业保险机构划转的用于大病保险保费的资金。划转资金时，按照实际支付的金额，借记本科目“划转保费支出”明细科目，贷记“支出户存款”、“财政专户存款”等科目。
2.“风险赔付”明细科目，核算因城乡居民基本医疗保险政策调整等政策性原因使商业保险机构承办大病保险发生亏损时，城乡居民基本医疗保险基金根据合同约定对商业保险机构进行的补偿。进行补偿时，按照实际支付的金额，借记本科目“风险赔付”明细科目，贷记“支出户存款”、“财政专户存款”等科目。
3.“盈余返还”明细科目，核算商业保险机构承办大病保险出现超过合同约定的盈余时，城乡居民基本医疗保险基金根据合同约定收到的商业保险机构返还资金。盈余返还时，按照实际收到的金额，借记“支出户存款”、“财政专户存款”等科目，贷记本科目“盈余返还”明细科目。
4.“其他支出”明细科目，核算支付的商业保险机构承办大病保险的其他支出。支付其他费用时，按照实际支付的金额，借记本科目“其他支出”明细科目，贷记“支出户存款”、“财政专户存款”等科目。
（四）关于长期护理保险基金会计科目设置及会计处理。
1.经办机构应当增设“5106失能等级评估费支出”科目，核算长期护理保险参保人员申请或延续享受待遇，由定点评估机构等经过医保部门认定的评估主体按规定提供失能等级评估服务时产生的，应由长期护理保险基金支付的评估费用。
经办机构应当增设“5107委托经办服务费支出”科目，核算统筹地区依法依规通过公开招标等竞争性方式有序规范引入社会力量参与长期护理保险经办业务时，依据协议约定应由长期护理保险基金向其支付的委托服务费用。
2.经办机构应当在“4001社会保险费收入”、“5001社会保险待遇支出”、“3001一般基金结余”科目下设置“职工参保人群”、“居民参保人群”明细科目，分别核算不同对象的社会保险费收入、待遇支出和结余情况。同时，在“5001社会保险待遇支出”科目下按照护理类型进行明细核算。
3.长期护理保险基金预收的城乡居民下年度个人保费，应当通过“2001暂收款”科目处理，在下年度确认为保费收入。
三、报表格式
（一）长期护理保险基金的收支表格式和编制要求。
编制长期护理保险基金收支表时，应当在“社会保险待遇支出”和“转移支出”项目之间增加“失能等级评估费支出”、“委托经办服务费支出”项目，在“社会保险费收入”、“社会保险待遇支出”项目下增加“（一）职工参保人群”、“（二）居民参保人群”子项目。具体格式如下：
（二）城乡居民基本医疗保险基金中“大病保险支出”项目的列示要求。
城乡居民基本医疗保险基金应当在收支表的“大病保险支出”项目下，设置“（一）商业保险机构承办”、“（二）自行经办待遇支出”子项目，并在“（一）商业保险机构承办”子项目下设置“其中：划转保费支出”、“风险赔付”、“盈余返还”、“其他支出”子项目。
四、新旧衔接
（一）有关基金应当按照本规定要求，对2026年新账的会计明细科目余额进行调整。
（二）经国家医保局和财政部备案同意后将本年收取的以后年度城乡居民基本医疗保险参保资金确认为本年度暂收款的，经办机构应当在本规定施行之日，按照以下顺序进行新旧衔接：
1.根据2025年预缴的以后年度城乡居民基本医疗保险参保资金的金额，借记“一般基金结余”科目，贷记“暂收款——待确认收入”科目。
2.按照调整后的期初科目余额编制城乡居民基本医疗保险基金2026年1月1日资产负债表。
3.在确认2026年度社会保险费收入时，按照确定的金额，借记“暂收款——待确认收入”科目，贷记“社会保险费收入”科目。
在编制2026年度收支表时，不要求填列上年比较数。
（三）长期护理保险基金、城乡医疗救助基金应当按照本规定编制2026年财务报表。在编制2026年度资产负债表、收支表时，不要求填列上年比较数。
五、生效日期
本规定自2026年1月1日起施行。
中国医保，一生守护！维护医保基金安全，人人有责！打击欺诈骗保举报电话：010-89061396，010-89061397；邮箱：jubao@nhsa.gov.cn。",https://www.nhsa.gov.cn/picture/0/61cea6af20da4ed4ba8dab2183d0ae2d.jpg; https://www.nhsa.gov.cn/picture/0/81364820e547464aa8db409983197659.jpg
国家医保局办公室 国家中医药局综合司关于确定中医优势病种按病种付费试点地区的通知,2026-01-29,https://www.nhsa.gov.cn/art/2026/1/29/art_104_19507.html,"文件下载链接：国家医保局办公室  国家中医药局综合司关于确定中医优势病种按病种付费试点地区的通知.txt
中国医保，一生守护！维护医保基金安全，人人有责！打击欺诈骗保举报电话：010-89061396，010-89061397；邮箱：jubao@nhsa.gov.cn。",https://www.nhsa.gov.cn/picture/0/7d46cbd894bd4ef1a81c56d8f5c03e3b.png
国家医保局 财政部关于做好职工基本医疗保险个人账户跨省共济工作的通知,2026-01-09,https://www.nhsa.gov.cn/art/2026/1/9/art_104_19293.html,"链接：《国家医保局 财政部关于做好职工基本医疗保险个人账户跨省共济工作的通知》政策解读
文件下载链接：国家医疗保障局 财政部关于做好职工基本医疗保险个人账户跨省共济工作的通知.txt
中国医保，一生守护！维护医保基金安全，人人有责！打击欺诈骗保举报电话：010-89061396，010-89061397；邮箱：jubao@nhsa.gov.cn。",https://www.nhsa.gov.cn/picture/0/cf5e1444063d4aee81e5a95cf60ec1d4.png
国家医保局 人力资源社会保障部关于印发《国家基本医疗保险、生育保险和工伤保险药品目录》以及《商业健康保险创新药品目录》（2025年）的通知,2025-12-07,https://www.nhsa.gov.cn/art/2025/12/7/art_104_18970.html,"国家医保局 人力资源社会保障部
关于印发《国家基本医疗保险、生育保险和工伤保险药品目录》以及《商业健康保险创新药品目录》（2025年）的通知
医保发〔2025〕33号
各省、自治区、直辖市及新疆生产建设兵团医保局、人力资源社会保障厅（局）：
为贯彻落实党中央、国务院决策部署，稳步提高参保人员用药保障水平，支持创新药高质量发展，按照《基本医疗保险用药管理暂行办法》、《国家医保局 国家卫生健康委关于印发<支持创新药高质量发展的若干措施>的通知》（医保发〔2025〕16号，以下简称《若干措施》）、《2025年国家基本医疗保险、生育保险和工伤保险以及商业健康保险创新药品目录调整工作方案》（以下简称工作方案）要求，国家医保局、人力资源社会保障部组织调整并制定了《国家基本医疗保险、生育保险和工伤保险药品目录（2025年）》（以下简称新版药品目录）以及《商业健康保险创新药品目录（2025年）》（以下简称商保创新药目录）。现印发给你们，并就有关事项通知如下：
一、做好新版药品目录落地执行工作
（一）及时切换新版药品目录。
新版药品目录自2026年1月1日起正式执行，《国家基本医疗保险、工伤保险和生育保险药品目录（2024年）》（医保发〔2024〕33号）同时废止。各地要严格执行新版药品目录，不得自行调整目录内药品品种、备注、甲乙分类等内容。要及时更新信息系统和数据库，将新增的医保目录药品按规定纳入，调出的药品按规定删除，调整“备注”内容的药品要更新支付范围，同步做好药品编码数据库与智能监管子系统的对接，落实新版药品目录管理要求，加强费用审核和基金监管。
对于本次目录调整中未成功续约被调出目录的协议期内谈判药品，为保障用药连续性，给予其6个月的过渡期，2026年6月底前医保基金可按原支付标准继续支付，过渡期内各统筹地区要采取有效措施做好衔接，指导定点医疗机构及时替换。
（二）规范药品医保支付标准管理。
协议期内谈判药品（以下简称谈判药品）和竞价药品执行全国统一的医保支付标准。谈判药品的支付标准包括基金和参保人员共同支付的全部费用，基金和参保人员分担比例由地方医保部门确定。
竞价药品的支付标准是医保对同一通用名药品的基金支付基准。新增的国家集中带量采购药品以本省（自治区、直辖市）中选价格作为支付标准。对于确定支付标准的竞价药品和国家集中带量采购中选药品，实际市场价格超出支付标准的，超出部分由参保人员承担；实际市场价格低于支付标准的，按照实际价格和医保规定报销。同一通用名药品有多家企业生产的，鼓励定点医疗机构和“双通道”药店优先配备价格不高于支付标准的药品，支持其临床使用，减轻患者负担。
协议期内，若谈判药品或竞价药品存在新版药品目录未载明的规格需纳入医保支付范围的，由相关企业向国家医保局提出申请，国家医保局确定相应支付标准后在全国执行。协议期内如有与谈判药品同通用名的药品上市，省级医保部门可根据市场竞争情况、同通用名药品价格等，调整该药品在本省（自治区、直辖市）的支付标准。谈判药品或竞价药品被纳入国家组织药品集中带量采购或政府定价的，省级医保部门可按相关规定调整支付标准。
新版药品目录中医保支付标准有“*”标识的，各地医保和人力资源社会保障部门不得在公开文件、新闻宣传等公开途径中公布其支付标准。
（三）加强医保支付范围管理。
严格落实《基本医疗保险用药管理暂行办法》要求，只有诊断、治疗与病情相符，符合药品法定说明书适应症及医保限定支付范围的方可支付。医保支付范围不是对药品法定说明书的修改，临床医师根据患者病情合理用药，不受限定支付范围影响。医保支付范围简化表述的，以药品法定说明书为准。各地可定期收集经办机构、定点医疗机构对医保支付范围的反馈，国家医保局将积极推进医保支付范围的解读工作。
二、切实提升医保药品供应保障水平
（四）做好新增药品挂网工作。
各省（自治区、直辖市）医保部门要指导相关药品企业于2025年12月底前完成医保目录新增药品在省级药品集中采购平台的挂网工作。谈判药品挂网价格不得高于新版药品目录确定的支付标准；谈判药品协议期内如有同通用名药品上市，挂网价格不得高于新版药品目录确定的支付标准。参与现场竞价的企业，在支付标准有效期内,挂网价格不得高于竞价时的报价（具体企业、药品及报价另行通知）。
（五）积极推进新增药品进院。
各省（自治区、直辖市）医保部门要会同有关部门，指导定点医疗机构合理配备、使用目录内药品。加强医保定点医疗机构、工伤保险协议医疗机构和工伤康复协议机构协议管理，将合理配备、使用医保目录内药品的有关要求纳入协议。各地确定2026年度基金支出预算时，应充分考虑目录调整因素。对合理使用医保目录内创新药的病例，不适合按病种标准支付的，支持医疗机构自主申报特例单议。各地医保部门应简化程序、优化流程，按季度或月组织专家对特例单议病例进行评议，并根据评议结果，对相关病例实行按项目付费或调整该病例支付标准。
医保定点医疗机构、工伤保险协议医疗机构和工伤康复协议机构原则上应于2026年2月底前召开药事会，根据需要及时调整药品配备或设立临时采购绿色通道，保障临床诊疗需求和患者合理用药权益。按照《若干措施》《关于适应国家医保谈判常态化持续做好谈判药品落地工作的通知》(医保函〔2021〕182号)要求，谈判药品可不受“一品两规”限制，不得以医保总额限制、医疗机构用药目录数量限制、药占比等为由影响谈判药品落地。鼓励各地采取积极措施推介谈判药品与定点医药机构对接。
（六）完善“双通道”药品使用管理。
各省（自治区、直辖市）医保部门要按照《关于建立完善国家医保谈判药品“双通道”管理机制的指导意见》(医保发〔2021〕28号)要求，提升谈判药品“双通道”工作管理的规范化、精细化水平。及时更新本省纳入“双通道”和单独支付的谈判药品范围，与新版药品目录同步实施。要充分考虑患者用药延续性和待遇稳定性，原则上不得以谈判药品转为常规目录管理为由将其调出“双通道”和单独支付范围。   
各省（自治区、直辖市）医保部门要进一步加强对“双通道”处方流转全流程监管，切实防范和打击欺诈骗保行为。配备“双通道”药品的定点零售药店均需通过电子处方中心流转“双通道”药品处方。
（七）加强基金支付监测。
各省（自治区、直辖市）医保部门和人力资源社会保障部门应建立医保目录内药品配备和使用情况监测机制。按要求将相关信息定期上报国家医保局，并加强对医保基金支付情况特别是单独支付药品费用的监测，确保基金安全。督促相关企业加强目录内药品的供应保障，及时响应医疗机构药品采购和患者临床用药需求。
三、进一步推动商业健康保险与基本医保的有效衔接
（八）积极推进商保创新药目录药品配备使用。
各省（自治区、直辖市）医保局要落实《若干措施》各项要求，商保创新药目录内药品的挂网、配备工作原则上参照医保谈判药品执行，保障临床诊疗需求和患者合理用药权益。
商保创新药目录内药品医保基金不予支付，不计入医保定点医疗机构基本医保自费率指标和集采中选可替代品种监测的范围。相关商业健康保险保障范围内商保创新药目录中的创新药应用病例可不纳入医保按病种付费范围，经审核评议程序后支付。各省（自治区、直辖市）医保部门可探索支持医保定点零售药店配备商保创新药目录内药品，并做好医疗机构和零售药店终端价格监测。支持有条件的地区将商保创新药目录药品配备情况接入“医保药品云平台”。鼓励有条件的药品开展真实世界医保综合价值评价。
（九）积极推动商保创新药目录纳入商业健康保险保障范围。
各地医保部门要会同有关部门推动多层次医疗保障体系建设，积极支持普惠型商业健康保险发展，商保创新药目录推荐商业健康保险、医疗互助等多层次医疗保障体系参考使用。支持商保机构根据商保创新药目录设计新产品、更新赔付范围、调整赔付方式，更好满足患者用药需求，切实减轻患者医疗费用负担。鼓励有条件的地区探索开展医保、工伤保险与商保“一站式”结算。
新版药品目录及商保创新药目录落地过程中，各地医保部门和人力资源社会保障部门要及时做好新闻宣传和政策解读，加强对医务人员、经办人员培训，及时回应患者和社会关切，营造各方面理解、支持药品目录落地的良好氛围。各地遇有目录品种界定、说明书或支付范围理解等方面的问题，请及时反馈国家医保局、人力资源社会保障部。
附件：1.国家基本医疗保险、生育保险和工伤保险药品目录（2025年）
2.商业健康保险创新药品目录（2025年）
国家医保局
人力资源社会保障部
2025年12月5日
中国医保，一生守护！维护医保基金安全，人人有责！打击欺诈骗保举报电话：010-89061396，010-89061397；邮箱：jubao@nhsa.gov.cn。",
国家医疗保障局办公室关于印发《长期护理保险服务管理文书（2026年版）》的通知,2025-12-01,https://www.nhsa.gov.cn/art/2025/12/1/art_104_18899.html,"附件：长期护理保险服务管理文书（2026年版）.pdf
文件下载链接：国家医疗保障局办公室关于印发《长期护理保险服务管理文书（2026年版）》的通知.txt
中国医保，一生守护！维护医保基金安全，人人有责！打击欺诈骗保举报电话：010-89061396，010-89061397；邮箱：jubao@nhsa.gov.cn。",https://www.nhsa.gov.cn/picture/0/3a84988491bc49fe85c0a839e16fe4c3.jpg
国家医疗保障局办公室关于开展医保经办全流程智能审核试点工作的通知,2025-11-06,https://www.nhsa.gov.cn/art/2025/11/6/art_104_18540.html,"文件下载链接：国家医疗保障局办公室关于开展医保经办全流程智能审核试点工作的通知.txt
中国医保，一生守护！维护医保基金安全，人人有责！打击欺诈骗保举报电话：010-89061396，010-89061397；邮箱：jubao@nhsa.gov.cn。",https://www.nhsa.gov.cn/picture/0/51cf02959d524dbe8baaa86f7980c39b.jpg
国家医疗保障局办公室关于进一步加强超量开药智能监管工作的通知,2025-11-03,https://www.nhsa.gov.cn/art/2025/11/3/art_104_18455.html,"文件下载链接：国家医疗保障局办公室关于进一步加强超量开药智能监管工作的通知.txt
中国医保，一生守护！维护医保基金安全，人人有责！打击欺诈骗保举报电话：010-89061396，010-89061397；邮箱：jubao@nhsa.gov.cn。",https://www.nhsa.gov.cn/picture/0/f4e7c5a25c0345d184a750cad4a4d019.jpg
国家医疗保障局办公室关于全面推进医保基金即时结算改革扩面提质的通知,2025-10-16,https://www.nhsa.gov.cn/art/2025/10/16/art_104_18220.html,"文件下载链接：国家医疗保障局办公室关于全面推进医保基金即时结算改革扩面提质的通知.txt
中国医保，一生守护！维护医保基金安全，人人有责！打击欺诈骗保举报电话：010-89061396，010-89061397；邮箱：jubao@nhsa.gov.cn。",https://www.nhsa.gov.cn/picture/0/c5137712b32f450591386d3db9aca3ac.png
国家医保局办公室 国家中医药局综合司关于开展中医优势病种按病种付费试点工作的通知,2025-10-09,https://www.nhsa.gov.cn/art/2025/10/9/art_104_18145.html,"文件下载链接：国家医保局办公室国家中医药局综合司关于开展中医优势病种按病种付费试点工作的通知
中国医保，一生守护！维护医保基金安全，人人有责！打击欺诈骗保举报电话：010-89061396，010-89061397；邮箱：jubao@nhsa.gov.cn。",https://www.nhsa.gov.cn/picture/0/2ab734928f174370973050e27444c62d.jpg; https://www.nhsa.gov.cn/picture/0/ac98045abb1443cabae5178e7276f9fb.jpg
国家医疗保障局关于印发《国家长期护理保险服务项目目录（试行）》的通知,2025-09-25,https://www.nhsa.gov.cn/art/2025/9/25/art_104_18020.html,"链接：国家医疗保障局关于印发《国家长期护理保险服务项目目录（试行）》的通知政策解读
文件下载链接：国家医疗保障局关于印发《国家长期护理保险服务项目目录（试行）》的通知.txt
中国医保，一生守护！维护医保基金安全，人人有责！打击欺诈骗保举报电话：010-89061396，010-89061397；邮箱：jubao@nhsa.gov.cn。",https://www.nhsa.gov.cn/picture/0/458fd9cd2b0d44fc80a0458fb29c2f73.jpg; https://www.nhsa.gov.cn/picture/0/7466352accb5426b8e6f1e0b3cc93ba0.jpg; https://www.nhsa.gov.cn/picture/0/1f6a9b60857e430295109fd1c22da242.jpg; https://www.nhsa.gov.cn/picture/0/599b1481b35e41f29be986706f2a7ff9.jpg
国家医疗保障局办公室关于编发各地医保部门落实定点医药机构相关人员医保支付资格管理制度典型案例（第一批）的函,2025-09-14,https://www.nhsa.gov.cn/art/2025/9/14/art_104_17879.html,"文件下载链接：国家医疗保障局办公室关于编发各地医保部门落实定点医药机构相关人员医保支付资格管理制度典型案例（第一批）的函.txt
中国医保，一生守护！维护医保基金安全，人人有责！打击欺诈骗保举报电话：010-89061396，010-89061397；邮箱：jubao@nhsa.gov.cn。",https://www.nhsa.gov.cn/picture/0/d0e4c678163648ba88ae31b92a8282d4.jpg; https://www.nhsa.gov.cn/picture/0/948fb421c92344abb9d2b34075ca025c.jpg
国家医疗保障局关于印发《医疗保障按病种付费管理暂行办法》的通知,2025-08-15,https://www.nhsa.gov.cn/art/2025/8/15/art_104_17573.html,"链接：《关于印发医疗保障按病种付费管理暂行办法的通知》政策解读
文件下载链接：国家医疗保障局关于印发《医疗保障按病种付费管理暂行办法》的通知.txt
中国医保，一生守护！维护医保基金安全，人人有责！打击欺诈骗保举报电话：010-89061396，010-89061397；邮箱：jubao@nhsa.gov.cn。",https://www.nhsa.gov.cn/picture/0/435e63c56c2442038cf4fed51ec37099.jpg; https://www.nhsa.gov.cn/picture/0/1632055fef2f47baa366ad65be40ba87.jpg; https://www.nhsa.gov.cn/picture/0/b16cfc3e3f0a401c9be0eeefbb19daf8.jpg
国家医疗保障局办公室关于印发《基本医保基金即时结算经办规程（试行）》的通知,2025-07-31,https://www.nhsa.gov.cn/art/2025/7/31/art_104_17447.html,"文件下载链接：国家医疗保障局办公室关于印发《基本医保基金即时结算经办规程（试行）》的通知.txt
中国医保，一生守护！维护医保基金安全，人人有责！打击欺诈骗保举报电话：010-89061396，010-89061397；邮箱：jubao@nhsa.gov.cn。",https://www.nhsa.gov.cn/picture/0/5c2ba9a19c1641e290953c6283458c25.png
国家医疗保障局办公室关于公布智能监管改革试点地区和试点单位的通知,2025-07-23,https://www.nhsa.gov.cn/art/2025/7/23/art_104_17360.html,"文件下载链接：国家医疗保障局办公室关于公布智能监管改革试点地区和试点单位的通知.txt
中国医保，一生守护！维护医保基金安全，人人有责！打击欺诈骗保举报电话：010-89061396，010-89061397；邮箱：jubao@nhsa.gov.cn。",https://www.nhsa.gov.cn/picture/0/9a1f90de04da4163b2ca61a15dabb3f8.jpg; https://www.nhsa.gov.cn/picture/0/02816046b2804cc0a29d158ca516a2c1.jpg
国家医保局 国家卫生健康委关于印发《支持创新药高质量发展的若干措施》的通知,2025-07-01,https://www.nhsa.gov.cn/art/2025/7/1/art_104_17058.html,"文件下载链接：国家医保局 国家卫生健康委关于印发《支持创新药高质量发展的若干措施》的通知.txt
中国医保，一生守护！维护医保基金安全，人人有责！打击欺诈骗保举报电话：010-89061396，010-89061397；邮箱：jubao@nhsa.gov.cn。",https://www.nhsa.gov.cn/picture/0/21f886e7a50248a78651f15de8d15d8d.jpg
国家医疗保障局关于进一步加强医疗保障定点医疗机构管理的通知,2025-06-24,https://www.nhsa.gov.cn/art/2025/6/24/art_104_16988.html,"链接：《关于进一步加强医疗保障定点医疗机构管理的通知》政策解读
文件下载链接：国家医疗保障局关于进一步加强医疗保障定点医疗机构管理的通知.txt
中国医保，一生守护！维护医保基金安全，人人有责！打击欺诈骗保举报电话：010-89061396，010-89061397；邮箱：jubao@nhsa.gov.cn。",https://www.nhsa.gov.cn/picture/0/a752c9b3078f405389c56df05baae409.jpg
国家医疗保障局办公室关于优化医疗服务价格管理流程的通知,2025-06-24,https://www.nhsa.gov.cn/art/2025/6/24/art_104_16975.html,"文件下载链接：国家医疗保障局办公室关于优化医疗服务价格管理流程的通知.txt
中国医保，一生守护！维护医保基金安全，人人有责！打击欺诈骗保举报电话：010-89061396，010-89061397；邮箱：jubao@nhsa.gov.cn。",https://www.nhsa.gov.cn/picture/0/132ed23c3bf348b3a2670672fb8637bd.jpg
国家医疗保障局办公室关于进一步完善医药价格和招采信用评价制度的通知,2025-06-05,https://www.nhsa.gov.cn/art/2025/6/5/art_104_16740.html,"附件：1.医药价格和招采失信事项目录清单（2025版）
2.医药价格和招采信用评价的操作规范（2025版）
3.医药价格和招采信用评价的裁量基准（2025版）
链接：国家医保局有关部门负责同志就价格招采信用评价制度修订情况答记者问
文件下载链接：国家医疗保障局办公室关于进一步完善医药价格和招采信用评价制度的通知 .txt
中国医保，一生守护！维护医保基金安全，人人有责！打击欺诈骗保举报电话：010-89061396，010-89061397；邮箱：jubao@nhsa.gov.cn。",https://www.nhsa.gov.cn/picture/0/c269564e196c4c22b116e5f93e52105c.jpg
国家医疗保障局办公室关于开展智能监管改革试点的通知,2025-04-25,https://www.nhsa.gov.cn/art/2025/4/25/art_104_16363.html,"文件下载链接：国家医疗保障局办公室关于开展智能监管改革试点的通知.txt
中国医保，一生守护！维护医保基金安全，人人有责！打击欺诈骗保举报电话：010-89061396，010-89061397；邮箱：jubao@nhsa.gov.cn。",https://www.nhsa.gov.cn/picture/0/92eeb242b6904520a6b4927b9b17b4c8.png
国家医保局等部门关于做好当前长期照护师培养培训工作的通知,2025-04-24,https://www.nhsa.gov.cn/art/2025/4/24/art_104_16355.html,"链接：《关于做好当前长期照护师培养培训工作的通知》政策解读
文件下载链接：国家医保局 教育部 民政部 财政部 人力资源社会保障部 农业农村部 商务部关于做好当前长期照护师培养培训工作的通知 .txt
中国医保，一生守护！维护医保基金安全，人人有责！打击欺诈骗保举报电话：010-89061396，010-89061397；邮箱：jubao@nhsa.gov.cn。",https://www.nhsa.gov.cn/picture/0/ce510a7c3b1a4ea2a8176c7fa50d24bf.png
国家医疗保障局办公室关于开展医保影像云索引上传试点工作的通知,2025-04-21,https://www.nhsa.gov.cn/art/2025/4/21/art_104_16321.html,"文件下载链接：国家医疗保障局办公室关于开展医保影像云索引上传试点工作的通知.txt
中国医保，一生守护！维护医保基金安全，人人有责！打击欺诈骗保举报电话：010-89061396，010-89061397；邮箱：jubao@nhsa.gov.cn。",https://www.nhsa.gov.cn/picture/0/24aa8acdd4dc4919840ec075cfcccfaa.jpg; https://www.nhsa.gov.cn/picture/0/02f33dc3b788406cbc8934dff5ca4c14.jpg
国家医保局 人力资源社会保障部 国家卫生健康委 国家药监局关于加强药品追溯码在医疗保障和工伤保险领域采集应用的通知,2025-03-19,https://www.nhsa.gov.cn/art/2025/3/19/art_104_16045.html,"文件下载链接：国家医保局 人力资源社会保障部 国家卫生健康委 国家药监局关于加强药品追溯码在医疗保障和工伤保险领域采集应用的通知.txt
中国医保，一生守护！维护医保基金安全，人人有责！打击欺诈骗保举报电话：010-89061396，010-89061397；邮箱：jubao@nhsa.gov.cn。",https://www.nhsa.gov.cn/picture/0/c9e25dab63b74b50a226a855fc10a05a.png
国家医疗保障局办公室关于印发《医保领域“高效办成一件事”2025年度第一批重点事项清单》的通知,2025-02-14,https://www.nhsa.gov.cn/art/2025/2/14/art_104_15691.html,文件下载链接：国家医疗保障局办公室关于印发《医保领域“高效办成一件事”2025年度第一批重点事项清单》的通知.pdf,https://www.nhsa.gov.cn/picture/0/c690fd5408ea4f4ab9c152b9088bfb19.png; https://www.nhsa.gov.cn/picture/0/e7278f58291848f9aec39ff0821fe23a.png; https://www.nhsa.gov.cn/picture/0/343822c6daa646059817ab45d7be29c6.png
国家医疗保障局办公室关于印发《按病种付费医疗保障经办管理规程（2025版）》的通知,2025-01-27,https://www.nhsa.gov.cn/art/2025/1/27/art_104_15589.html,文件下载链接：国家医疗保障局办公室关于印发《按病种付费医疗保障经办管理规程（2025版）》的通知.txt,https://www.nhsa.gov.cn/picture/0/cd0e9820ab804a4483d87ea461bea904.png
关于有序推进省内异地就医住院费用纳入按病种付费管理的通知,2025-01-27,https://www.nhsa.gov.cn/art/2025/1/27/art_104_15587.html,"链接：《国家医保局办公室 财政部办公厅关于有序推进省内异地就医住院费用纳入按病种付费管理的通知》政策解读
文件下载链接：关于有序推进省内异地就医住院费用纳入按病种付费管理的通知.txt",https://www.nhsa.gov.cn/picture/0/08613573fb5e4a2cac7a105237d52c25.png
国家医疗保障局办公室关于建立医保数据工作组更好赋能医疗机构发展的通知,2025-01-23,https://www.nhsa.gov.cn/art/2025/1/23/art_104_15543.html,文件下载链接：国家医疗保障局办公室关于建立医保数据工作组更好赋能医疗机构发展的通知.txt,https://www.nhsa.gov.cn/picture/0/ca27815d96e74134b854356424eaa8de.png
国家医疗保障局办公室关于推进基本医保基金即时结算改革的通知,2025-01-16,https://www.nhsa.gov.cn/art/2025/1/16/art_104_15485.html,"链接：《关于推进基本医保基金即时结算改革的通知》政策解读
文件下载链接：国家医疗保障局办公室关于推进基本医保基金即时结算改革的通知.txt
中国医保，一生守护！维护医保基金安全，人人有责！打击欺诈骗保举报电话：010-89061396，010-89061397；邮箱：jubao@nhsa.gov.cn。",https://www.nhsa.gov.cn/picture/0/00ae50e9ddea408280db0bc28bdb3044.png
国家医疗保障局关于开展2025年定点医药机构违法违规使用医保基金自查自纠工作的通知,2025-01-11,https://www.nhsa.gov.cn/art/2025/1/11/art_104_15438.html,"链接：国家医保局启动2025年定点医药机构违法违规使用医保基金自查自纠工作
文件下载链接：国家医疗保障局关于开展2025年定点医药机构违法违规使用医保基金自查自纠工作的通知.txt
中国医保，一生守护！维护医保基金安全，人人有责！打击欺诈骗保举报电话：010-89061396，010-89061397；邮箱：jubao@nhsa.gov.cn。",https://www.nhsa.gov.cn/picture/0/54d01272e10e4c888241388121ea6b66.jpg
国家医疗保障局办公室关于印发《医疗保障定点医药机构相关人员医保支付资格管理经办规程（试行）》的通知,2025-01-08,https://www.nhsa.gov.cn/art/2025/1/8/art_104_15407.html,文件下载链接：国家医疗保障局办公室关于印发《医疗保障定点医药机构相关人员医保支付资格管理经办规程（试行）》的通知.tx,https://www.nhsa.gov.cn/picture/0/96f9952afdf3448eac21546a8f46b9eb.jpg; https://www.nhsa.gov.cn/picture/0/da598d77e0fa439c8efb1b3f953be015.jpg
国家医疗保障局办公室关于进一步加强劳动者医疗保障权益维护工作的通知,2025-01-07,https://www.nhsa.gov.cn/art/2025/1/7/art_104_15400.html,"链接：《关于进一步加强劳动者医疗保障权益维护工作的通知》政策解读
文件下载链接：国家医疗保障局办公室关于进一步加强劳动者医疗保障权益维护工作的通知.txt
中国医保，一生守护！维护医保基金安全，人人有责！打击欺诈骗保举报电话：010-89061396，010-89061397；邮箱：jubao@nhsa.gov.cn。",https://www.nhsa.gov.cn/picture/0/9e14756f103945389c4000016e1000de.png
国家医保局 国家卫生健康委员会关于完善医药集中带量采购和执行工作机制的通知,2024-12-10,https://www.nhsa.gov.cn/art/2024/12/10/art_104_15054.html,"链接：《国家医保局  国家卫生健康委员会关于进一步完善医药集中带量采购和执行工作机制的通知》政策解读
文件下载链接：国家医保局 国家卫生健康委员会关于完善医药集中带量采购和执行工作机制的通知.txt",https://www.nhsa.gov.cn/picture/0/3fc5085339cb4fa1ad3fc61fe5bcdf43.jpg
